Workbook
Name Arecord: INputs!$AD$3:$AD$6
Name color: INputs!$S$12:$S$22
Name emaillabel: INputs!$BB$3:$BB$5
Name encrypt: INputs!$AF$3:$AF$6
Name Groupsaccess: INputs!$AR$3:$AR$6
Name GroupsDef: INputs!$AN$3:$AN$6
Name Groupsshare: INputs!$AP$3:$AP$7
Name Label: INputs!$A$3:$A$7
Name LabelE: INputs!$M$24:$M$44
Name LabelG: INputs!$O$24:$O$44
Name LabelM: INputs!$N$24:$N$44
Name Lobby: INputs!$X$3:$X$10
Name meetchat: INputs!$AJ$3:$AJ$6
Name OutL: INputs!$V$3:$V$6
Name policy: INputs!$AZ$3:$AZ$8
Name Policymode: INputs!$AV$3:$AV$7
Name present: INputs!$Z$3:$Z$8
Name prevent: INputs!$AL$3:$AL$5
Name publabel: INputs!$AT$3:$AT$6
Name record: INputs!$AB$3:$AB$6
Name rules: INputs!$AX$3:$AX$5
Name Sens: INputs!$D$2:$D$22
Name sett: INputs!$S$3:$S$7
Name Slabel: INputs!$C$99:$T$106
Name SubL: INputs!$E$24:$E$44
Name Vlabel: INputs!$B$3:$C$22
Name WaterA: INputs!$AH$3:$AH$6
Name waterB: INputs!$AH$8:$AH$12

Sheet INputs
A1: ='Sensitivity Labels'!C1 -> Sensitivity Labels | C1: Sens | R1: Tab Location | S1: Emails | X1: Teams
H2: Group Check | I2: ='Sensitivity Labels'!G11 -> Files & Other Data assets | J2: ='Sensitivity Labels'!G13 -> Emails | K2: ='Sensitivity Labels'!G15 -> Meetings | L2: ='Sensitivity Labels'!G17 -> Groups & Sites | R2: List Name | S2: Settings | V2: ='Emails, Files, & Other Data'!U10 -> In outlook, enforce one of the following restrictions | X2: ='Teams meetings and chats'!D2 -> Control who can Bypass the Lobby: | Z2: ='Teams meetings and chats'!I2 -> Control Who Can Present: | AB2: ='Teams meetings and chats'!K2 -> Control who can Record and Transcribe: | AD2: ='Teams meetings and chats'!M2 -> Control Whether Meetings are Recorded Automatically: | AF2: ='Teams meetings and chats'!O2 -> Control End-to-end Encryption for Meeting Video and Audio: | AH2: ='Teams meetings and chats'!Q2 -> Control Watermarks: | AJ2: ='Teams meetings and chats'!W2 -> Control Meeting Chat: | AL2: ='Teams meetings and chats'!Y2 -> Prevent Copying and Forwarding of Meeting Content: | AN2: ='Groups & Sites'!H3 -> Define privacy and external user access settings: | AP2: ='Groups & Sites'!N13 -> Content can be shared with: | AR2: ='Groups & Sites'!P13 -> Use Microsoft Entra Conditional Access to protect labeled SharePoint sites | AT2: =Publishing!V3 -> Default settings for meetings and calendar events: | AV2: ='Service-side Auto-Labeling'!E2 -> Policy Mode | AX2: ='Service-side Auto-Labeling'!R2 -> Common or Advanced Rules: | AZ2: ='Data Loss Prevention (DLP)'!E3 -> Policy mode: | BB2: ='Emails, Files, & Other Data'!AB3 -> Auto-labeling for files and emails: "Client-side Auto-Labeling"
A3: Parent Label | B3: =G3 -> 1 | C3: =IF('Sensitivity Labels'!C11="","",'Sensitivity Labels'!C11) | D3: =IF('Sensitivity Labels'!D11="","",C3&"-"&'Sensitivity Labels'!D11) | E3: =IF(OR(C3="",(LEFT(D3,3)="Par"),RIGHT(C3,1)="p"),"",D3) | G3: 1 | H3: =IF(OR((LEFT(D3,3)="Par"),RIGHT(C3,1)="p"),"True","false") -> false | I3: ='Sensitivity Labels'!F11 -> FALSE | J3: ='Sensitivity Labels'!F13 -> FALSE | K3: ='Sensitivity Labels'!F15 -> FALSE | L3: ='Sensitivity Labels'!F17 -> FALSE | M3: =IF(D3="",P$3,IF(OR(I3=TRUE,J3=TRUE),D3,P$4)) -> Please fill out Sensitivity Labels Tab | N3: =IF(D3="",P$3,IF(AND(I3=TRUE,J3=TRUE,K3=TRUE),$D3,P$4)) -> Please fill out Sensitivity Labels Tab | O3: =IF(D3="",P$3,IF(L3=TRUE,$D3,P$4)) -> Please fill out Sensitivity Labels Tab | P3: Please fill out Sensitivity Labels Tab | R3: List Selection | S3: Control Access Control who can access and view labels | V3: Do not Forward | X3: Everyone | Z3: Everyone | AB3: Organizers and presenters | AD3: Record Automatically | AF3: Apply end-to-end encryption | AH3: Apply watermark to shared content | AJ3: On | AL3: Yes | AN3: Public | AP3: Anyone | AR3: Allow full access from desktop apps, mobile apps, and the web | AT3: Automatic apply highest priority label | AV3: On | AX3: Common Rules | AZ3: Run the policy in simulation mode | BB3: Automatically apply the label
A4: Label Group | B4: =G4 -> 2 | C4: =IF('Sensitivity Labels'!C19="","",'Sensitivity Labels'!C19) | D4: =IF('Sensitivity Labels'!D19="","",C4&"-"&'Sensitivity Labels'!D19) | E4: =IF(OR(C4="",(LEFT(D4,3)="Par"),RIGHT(C4,1)="p"),"",D4) | G4: =G3+1 -> 2 | H4: =IF(OR((LEFT(D4,3)="Par"),RIGHT(C4,1)="p"),"True","false") -> false | I4: ='Sensitivity Labels'!F19 -> FALSE | J4: ='Sensitivity Labels'!F21 -> FALSE | K4: ='Sensitivity Labels'!F23 -> FALSE | L4: ='Sensitivity Labels'!F25 -> FALSE | M4: =IF(D4="",P$3,IF(OR(I4=TRUE,J4=TRUE),D4,P$4)) -> Please fill out Sensitivity Labels Tab | N4: =IF(D4="",P$3,IF(AND(I4=TRUE,J4=TRUE,K4=TRUE),$D4,P$4)) -> Please fill out Sensitivity Labels Tab | O4: =IF(D4="",P$3,IF(L4=TRUE,$D4,P$4)) -> Please fill out Sensitivity Labels Tab | P4: Pending checkbox selection on Sensititivty Labels Tab | S4: Apply Content Marking | V4: Encrypt-Only | X4: People in my org, trusted orgs, and guests | Z4: People in my org and guests | AB4: Organizers and co-organizers | AD4: Don't record automatically | AF4: Don't apply end-to-end encryption | AH4: Don't apply watermark to shared content | AJ4: Off | AL4: No | AN4: Private | AP4: New and existing guests | AR4: Allow limited, web-only access | AT4: Recommend users apply the highest priority label | AV4: Simulation Mode | AX4: Advanced Rules | AZ4: Turn the policy on immediately | BB4: Recommend that users apply the label
A5: Label | B5: =G5 -> 3 | C5: =IF('Sensitivity Labels'!C27="","",'Sensitivity Labels'!C27) | D5: =IF('Sensitivity Labels'!D27="","",C5&"-"&'Sensitivity Labels'!D27) | E5: =IF(OR(C5="",(LEFT(D5,3)="Par"),RIGHT(C5,1)="p"),"",D5) | G5: =G4+1 -> 3 | H5: =IF(OR((LEFT(D5,3)="Par"),RIGHT(C5,1)="p"),"True","false") -> false | I5: ='Sensitivity Labels'!F27 -> FALSE | J5: ='Sensitivity Labels'!F29 -> FALSE | K5: ='Sensitivity Labels'!F31 -> FALSE | L5: ='Sensitivity Labels'!F33 -> FALSE | M5: =IF(D5="",P$3,IF(OR(I5=TRUE,J5=TRUE),D5,P$4)) -> Please fill out Sensitivity Labels Tab | N5: =IF(D5="",P$3,IF(AND(I5=TRUE,J5=TRUE,K5=TRUE),$D5,P$4)) -> Please fill out Sensitivity Labels Tab | O5: =IF(D5="",P$3,IF(L5=TRUE,$D5,P$4)) -> Please fill out Sensitivity Labels Tab | X5: People in my org and guests | Z5: Let meeting organizers select specific people | AJ5: In-Meeting Only | AN5: None | AP5: Existing Guests | AR5: Block Access | AT5: Do not inherit highest priority label from file | AV5: Simulation Mode with turn on if not modified in 7 days | AZ5: Leave the policy turned off
A6: Sub Label | B6: =G6 -> 4 | C6: =IF('Sensitivity Labels'!C35="","",'Sensitivity Labels'!C35) | D6: =IF('Sensitivity Labels'!D35="","",C6&"-"&'Sensitivity Labels'!D35) | E6: =IF(OR(C6="",(LEFT(D6,3)="Par"),RIGHT(C6,1)="p"),"",D6) | G6: =G5+1 -> 4 | H6: =IF(OR((LEFT(D6,3)="Par"),RIGHT(C6,1)="p"),"True","false") -> false | I6: ='Sensitivity Labels'!F35 -> FALSE | J6: ='Sensitivity Labels'!F37 -> FALSE | K6: ='Sensitivity Labels'!F39 -> FALSE | L6: ='Sensitivity Labels'!F41 -> FALSE | M6: =IF(D6="",P$3,IF(OR(I6=TRUE,J6=TRUE),D6,P$4)) -> Please fill out Sensitivity Labels Tab | N6: =IF(D6="",P$3,IF(AND(I6=TRUE,J6=TRUE,K6=TRUE),$D6,P$4)) -> Please fill out Sensitivity Labels Tab | O6: =IF(D6="",P$3,IF(L6=TRUE,$D6,P$4)) -> Please fill out Sensitivity Labels Tab | X6: People in my org | Z6: Only Organizers and co-organizers | AP6: Only People in your organizations | AV6: Off | AZ6: On
B7: =G7 -> 5 | C7: =IF('Sensitivity Labels'!C43="","",'Sensitivity Labels'!C43) | D7: =IF('Sensitivity Labels'!D43="","",C7&"-"&'Sensitivity Labels'!D43) | E7: =IF(OR(C7="",(LEFT(D7,3)="Par"),RIGHT(C7,1)="p"),"",D7) | G7: =G6+1 -> 5 | H7: =IF(OR((LEFT(D7,3)="Par"),RIGHT(C7,1)="p"),"True","false") -> false | I7: ='Sensitivity Labels'!F43 -> FALSE | J7: ='Sensitivity Labels'!F45 -> FALSE | K7: ='Sensitivity Labels'!F47 -> FALSE | L7: ='Sensitivity Labels'!F49 -> FALSE | M7: =IF(D7="",P$3,IF(OR(I7=TRUE,J7=TRUE),D7,P$4)) -> Please fill out Sensitivity Labels Tab | N7: =IF(D7="",P$3,IF(AND(I7=TRUE,J7=TRUE,K7=TRUE),$D7,P$4)) -> Please fill out Sensitivity Labels Tab | O7: =IF(D7="",P$3,IF(L7=TRUE,$D7,P$4)) -> Please fill out Sensitivity Labels Tab | X7: People who were invited
B8: =G8 -> 6 | C8: =IF('Sensitivity Labels'!C51="","",'Sensitivity Labels'!C51) | D8: =IF('Sensitivity Labels'!D51="","",C8&"-"&'Sensitivity Labels'!D51) | E8: =IF(OR(C8="",(LEFT(D8,3)="Par"),RIGHT(C8,1)="p"),"",D8) | G8: =G7+1 -> 6 | H8: =IF(OR((LEFT(D8,3)="Par"),RIGHT(C8,1)="p"),"True","false") -> false | I8: ='Sensitivity Labels'!F51 -> FALSE | J8: ='Sensitivity Labels'!F53 -> FALSE | K8: ='Sensitivity Labels'!F55 -> FALSE | L8: ='Sensitivity Labels'!F57 -> FALSE | M8: =IF(D8="",P$3,IF(OR(I8=TRUE,J8=TRUE),D8,P$4)) -> Please fill out Sensitivity Labels Tab | N8: =IF(D8="",P$3,IF(AND(I8=TRUE,J8=TRUE,K8=TRUE),$D8,P$4)) -> Please fill out Sensitivity Labels Tab | O8: =IF(D8="",P$3,IF(L8=TRUE,$D8,P$4)) -> Please fill out Sensitivity Labels Tab | X8: Only Organizers and co-organizers | AH8: Apply watermark to everyone's video feed
B9: =G9 -> 7 | C9: =IF('Sensitivity Labels'!C59="","",'Sensitivity Labels'!C59) | D9: =IF('Sensitivity Labels'!D59="","",C9&"-"&'Sensitivity Labels'!D59) | E9: =IF(OR(C9="",(LEFT(D9,3)="Par"),RIGHT(C9,1)="p"),"",D9) | G9: =G8+1 -> 7 | H9: =IF(OR((LEFT(D9,3)="Par"),RIGHT(C9,1)="p"),"True","false") -> false | I9: ='Sensitivity Labels'!F59 -> FALSE | J9: ='Sensitivity Labels'!F61 -> FALSE | K9: ='Sensitivity Labels'!F63 -> FALSE | L9: ='Sensitivity Labels'!F65 -> FALSE | M9: =IF(D9="",P$3,IF(OR(I9=TRUE,J9=TRUE),D9,P$4)) -> Please fill out Sensitivity Labels Tab | N9: =IF(D9="",P$3,IF(AND(I9=TRUE,J9=TRUE,K9=TRUE),$D9,P$4)) -> Please fill out Sensitivity Labels Tab | O9: =IF(D9="",P$3,IF(L9=TRUE,$D9,P$4)) -> Please fill out Sensitivity Labels Tab | AH9: Don't apply watermark to everyone's video feed
B10: =G10 -> 8 | C10: =IF('Sensitivity Labels'!C67="","",'Sensitivity Labels'!C67) | D10: =IF('Sensitivity Labels'!D67="","",C10&"-"&'Sensitivity Labels'!D67) | E10: =IF(OR(C10="",(LEFT(D10,3)="Par"),RIGHT(C10,1)="p"),"",D10) | G10: =G9+1 -> 8 | H10: =IF(OR((LEFT(D10,3)="Par"),RIGHT(C10,1)="p"),"True","false") -> false | I10: ='Sensitivity Labels'!F67 -> FALSE | J10: ='Sensitivity Labels'!F69 -> FALSE | K10: ='Sensitivity Labels'!F71 -> FALSE | L10: ='Sensitivity Labels'!F73 -> FALSE | M10: =IF(D10="",P$3,IF(OR(I10=TRUE,J10=TRUE),D10,P$4)) -> Please fill out Sensitivity Labels Tab | N10: =IF(D10="",P$3,IF(AND(I10=TRUE,J10=TRUE,K10=TRUE),$D10,P$4)) -> Please fill out Sensitivity Labels Tab | O10: =IF(D10="",P$3,IF(L10=TRUE,$D10,P$4)) -> Please fill out Sensitivity Labels Tab
B11: =G11 -> 9 | C11: =IF('Sensitivity Labels'!C75="","",'Sensitivity Labels'!C75) | D11: =IF('Sensitivity Labels'!D75="","",C11&"-"&'Sensitivity Labels'!D75) | E11: =IF(OR(C11="",(LEFT(D11,3)="Par"),RIGHT(C11,1)="p"),"",D11) | G11: =G10+1 -> 9 | H11: =IF(OR((LEFT(D11,3)="Par"),RIGHT(C11,1)="p"),"True","false") -> false | I11: ='Sensitivity Labels'!F75 -> FALSE | J11: ='Sensitivity Labels'!F77 -> FALSE | K11: ='Sensitivity Labels'!F79 -> FALSE | L11: ='Sensitivity Labels'!F81 -> FALSE | M11: =IF(D11="",P$3,IF(OR(I11=TRUE,J11=TRUE),D11,P$4)) -> Please fill out Sensitivity Labels Tab | N11: =IF(D11="",P$3,IF(AND(I11=TRUE,J11=TRUE,K11=TRUE),$D11,P$4)) -> Please fill out Sensitivity Labels Tab | O11: =IF(D11="",P$3,IF(L11=TRUE,$D11,P$4)) -> Please fill out Sensitivity Labels Tab | S11: Color
B12: =G12 -> 10 | C12: =IF('Sensitivity Labels'!C83="","",'Sensitivity Labels'!C83) | D12: =IF('Sensitivity Labels'!D83="","",C12&"-"&'Sensitivity Labels'!D83) | E12: =IF(OR(C12="",(LEFT(D12,3)="Par"),RIGHT(C12,1)="p"),"",D12) | G12: =G11+1 -> 10 | H12: =IF(OR((LEFT(D12,3)="Par"),RIGHT(C12,1)="p"),"True","false") -> false | I12: ='Sensitivity Labels'!F83 -> FALSE | J12: ='Sensitivity Labels'!F85 -> FALSE | K12: ='Sensitivity Labels'!F87 -> FALSE | L12: ='Sensitivity Labels'!F89 -> FALSE | M12: =IF(D12="",P$3,IF(OR(I12=TRUE,J12=TRUE),D12,P$4)) -> Please fill out Sensitivity Labels Tab | N12: =IF(D12="",P$3,IF(AND(I12=TRUE,J12=TRUE,K12=TRUE),$D12,P$4)) -> Please fill out Sensitivity Labels Tab | O12: =IF(D12="",P$3,IF(L12=TRUE,$D12,P$4)) -> Please fill out Sensitivity Labels Tab | S12: Black
B13: =G13 -> 11 | C13: =IF('Sensitivity Labels'!C91="","",'Sensitivity Labels'!C91) | D13: =IF('Sensitivity Labels'!D91="","",C13&"-"&'Sensitivity Labels'!D91) | E13: =IF(OR(C13="",(LEFT(D13,3)="Par"),RIGHT(C13,1)="p"),"",D13) | G13: =G12+1 -> 11 | H13: =IF(OR((LEFT(D13,3)="Par"),RIGHT(C13,1)="p"),"True","false") -> false | I13: ='Sensitivity Labels'!F91 -> FALSE | J13: ='Sensitivity Labels'!F93 -> FALSE | K13: ='Sensitivity Labels'!F95 -> FALSE | L13: ='Sensitivity Labels'!F97 -> FALSE | M13: =IF(D13="",P$3,IF(OR(I13=TRUE,J13=TRUE),D13,P$4)) -> Please fill out Sensitivity Labels Tab | N13: =IF(D13="",P$3,IF(AND(I13=TRUE,J13=TRUE,K13=TRUE),$D13,P$4)) -> Please fill out Sensitivity Labels Tab | O13: =IF(D13="",P$3,IF(L13=TRUE,$D13,P$4)) -> Please fill out Sensitivity Labels Tab | S13: Gray
B14: =G14 -> 12 | C14: =IF('Sensitivity Labels'!C99="","",'Sensitivity Labels'!C99) | D14: =IF('Sensitivity Labels'!D99="","",C14&"-"&'Sensitivity Labels'!D99) | E14: =IF(OR(C14="",(LEFT(D14,3)="Par"),RIGHT(C14,1)="p"),"",D14) | G14: =G13+1 -> 12 | H14: =IF(OR((LEFT(D14,3)="Par"),RIGHT(C14,1)="p"),"True","false") -> false | I14: ='Sensitivity Labels'!F99 -> FALSE | J14: ='Sensitivity Labels'!F101 -> FALSE | K14: ='Sensitivity Labels'!F103 -> FALSE | L14: ='Sensitivity Labels'!F105 -> FALSE | M14: =IF(D14="",P$3,IF(OR(I14=TRUE,J14=TRUE),D14,P$4)) -> Please fill out Sensitivity Labels Tab | N14: =IF(D14="",P$3,IF(AND(I14=TRUE,J14=TRUE,K14=TRUE),$D14,P$4)) -> Please fill out Sensitivity Labels Tab | O14: =IF(D14="",P$3,IF(L14=TRUE,$D14,P$4)) -> Please fill out Sensitivity Labels Tab | S14: Dark Gray
B15: =G15 -> 13 | C15: =IF('Sensitivity Labels'!C107="","",'Sensitivity Labels'!C107) | D15: =IF('Sensitivity Labels'!D107="","",C15&"-"&'Sensitivity Labels'!D107) | E15: =IF(OR(C15="",(LEFT(D15,3)="Par"),RIGHT(C15,1)="p"),"",D15) | G15: =G14+1 -> 13 | H15: =IF(OR((LEFT(D15,3)="Par"),RIGHT(C15,1)="p"),"True","false") -> false | I15: ='Sensitivity Labels'!F107 -> FALSE | J15: ='Sensitivity Labels'!F109 -> FALSE | K15: ='Sensitivity Labels'!F111 -> FALSE | L15: ='Sensitivity Labels'!F113 -> FALSE | M15: =IF(D15="",P$3,IF(OR(I15=TRUE,J15=TRUE),D15,P$4)) -> Please fill out Sensitivity Labels Tab | N15: =IF(D15="",P$3,IF(AND(I15=TRUE,J15=TRUE,K15=TRUE),$D15,P$4)) -> Please fill out Sensitivity Labels Tab | O15: =IF(D15="",P$3,IF(L15=TRUE,$D15,P$4)) -> Please fill out Sensitivity Labels Tab | S15: Magenta
B16: =G16 -> 14 | C16: =IF('Sensitivity Labels'!C115="","",'Sensitivity Labels'!C115) | D16: =IF('Sensitivity Labels'!D115="","",C16&"-"&'Sensitivity Labels'!D115) | E16: =IF(OR(C16="",(LEFT(D16,3)="Par"),RIGHT(C16,1)="p"),"",D16) | G16: =G15+1 -> 14 | H16: =IF(OR((LEFT(D16,3)="Par"),RIGHT(C16,1)="p"),"True","false") -> false | I16: ='Sensitivity Labels'!F115 -> FALSE | J16: ='Sensitivity Labels'!F117 -> FALSE | K16: ='Sensitivity Labels'!F119 -> FALSE | L16: ='Sensitivity Labels'!F121 -> FALSE | M16: =IF(D16="",P$3,IF(OR(I16=TRUE,J16=TRUE),D16,P$4)) -> Please fill out Sensitivity Labels Tab | N16: =IF(D16="",P$3,IF(AND(I16=TRUE,J16=TRUE,K16=TRUE),$D16,P$4)) -> Please fill out Sensitivity Labels Tab | O16: =IF(D16="",P$3,IF(L16=TRUE,$D16,P$4)) -> Please fill out Sensitivity Labels Tab | S16: Purple
B17: =G17 -> 15 | C17: =IF('Sensitivity Labels'!C123="","",'Sensitivity Labels'!C123) | D17: =IF('Sensitivity Labels'!D123="","",C17&"-"&'Sensitivity Labels'!D123) | E17: =IF(OR(C17="",(LEFT(D17,3)="Par"),RIGHT(C17,1)="p"),"",D17) | G17: =G16+1 -> 15 | H17: =IF(OR((LEFT(D17,3)="Par"),RIGHT(C17,1)="p"),"True","false") -> false | I17: ='Sensitivity Labels'!F123 -> FALSE | J17: ='Sensitivity Labels'!F125 -> FALSE | K17: ='Sensitivity Labels'!F127 -> FALSE | L17: ='Sensitivity Labels'!F129 -> FALSE | M17: =IF(D17="",P$3,IF(OR(I17=TRUE,J17=TRUE),D17,P$4)) -> Please fill out Sensitivity Labels Tab | N17: =IF(D17="",P$3,IF(AND(I17=TRUE,J17=TRUE,K17=TRUE),$D17,P$4)) -> Please fill out Sensitivity Labels Tab | O17: =IF(D17="",P$3,IF(L17=TRUE,$D17,P$4)) -> Please fill out Sensitivity Labels Tab | S17: Blue
B18: =G18 -> 16 | C18: =IF('Sensitivity Labels'!C131="","",'Sensitivity Labels'!C131) | D18: =IF('Sensitivity Labels'!D131="","",C18&"-"&'Sensitivity Labels'!D131) | E18: =IF(OR(C18="",(LEFT(D18,3)="Par"),RIGHT(C18,1)="p"),"",D18) | G18: =G17+1 -> 16 | H18: =IF(OR((LEFT(D18,3)="Par"),RIGHT(C18,1)="p"),"True","false") -> false | I18: ='Sensitivity Labels'!F131 -> FALSE | J18: ='Sensitivity Labels'!F133 -> FALSE | K18: ='Sensitivity Labels'!F135 -> FALSE | L18: ='Sensitivity Labels'!F137 -> FALSE | M18: =IF(D18="",P$3,IF(OR(I18=TRUE,J18=TRUE),D18,P$4)) -> Please fill out Sensitivity Labels Tab | N18: =IF(D18="",P$3,IF(AND(I18=TRUE,J18=TRUE,K18=TRUE),$D18,P$4)) -> Please fill out Sensitivity Labels Tab | O18: =IF(D18="",P$3,IF(L18=TRUE,$D18,P$4)) -> Please fill out Sensitivity Labels Tab | S18: Green
B19: =G19 -> 17 | C19: =IF('Sensitivity Labels'!C139="","",'Sensitivity Labels'!C139) | D19: =IF('Sensitivity Labels'!D139="","",C19&"-"&'Sensitivity Labels'!D139) | E19: =IF(OR(C19="",(LEFT(D19,3)="Par"),RIGHT(C19,1)="p"),"",D19) | G19: =G18+1 -> 17 | H19: =IF(OR((LEFT(D19,3)="Par"),RIGHT(C19,1)="p"),"True","false") -> false | I19: ='Sensitivity Labels'!F139 -> FALSE | J19: ='Sensitivity Labels'!F141 -> FALSE | K19: ='Sensitivity Labels'!F143 -> FALSE | L19: ='Sensitivity Labels'!F145 -> FALSE | M19: =IF(D19="",P$3,IF(OR(I19=TRUE,J19=TRUE),D19,P$4)) -> Please fill out Sensitivity Labels Tab | N19: =IF(D19="",P$3,IF(AND(I19=TRUE,J19=TRUE,K19=TRUE),$D19,P$4)) -> Please fill out Sensitivity Labels Tab | O19: =IF(D19="",P$3,IF(L19=TRUE,$D19,P$4)) -> Please fill out Sensitivity Labels Tab | S19: Amber
B20: =G20 -> 18 | C20: =IF('Sensitivity Labels'!C147="","",'Sensitivity Labels'!C147) | D20: =IF('Sensitivity Labels'!D147="","",C20&"-"&'Sensitivity Labels'!D147) | E20: =IF(OR(C20="",(LEFT(D20,3)="Par"),RIGHT(C20,1)="p"),"",D20) | G20: =G19+1 -> 18 | H20: =IF(OR((LEFT(D20,3)="Par"),RIGHT(C20,1)="p"),"True","false") -> false | I20: ='Sensitivity Labels'!F147 -> FALSE | J20: ='Sensitivity Labels'!F149 -> FALSE | K20: ='Sensitivity Labels'!F151 -> FALSE | L20: ='Sensitivity Labels'!F153 -> FALSE | M20: =IF(D20="",P$3,IF(OR(I20=TRUE,J20=TRUE),D20,P$4)) -> Please fill out Sensitivity Labels Tab | N20: =IF(D20="",P$3,IF(AND(I20=TRUE,J20=TRUE,K20=TRUE),$D20,P$4)) -> Please fill out Sensitivity Labels Tab | O20: =IF(D20="",P$3,IF(L20=TRUE,$D20,P$4)) -> Please fill out Sensitivity Labels Tab | S20: Orange
B21: =G21 -> 19 | C21: =IF('Sensitivity Labels'!C155="","",'Sensitivity Labels'!C155) | D21: =IF('Sensitivity Labels'!D155="","",C21&"-"&'Sensitivity Labels'!D155) | E21: =IF(OR(C21="",(LEFT(D21,3)="Par"),RIGHT(C21,1)="p"),"",D21) | G21: =G20+1 -> 19 | H21: =IF(OR((LEFT(D21,3)="Par"),RIGHT(C21,1)="p"),"True","false") -> false | I21: ='Sensitivity Labels'!F155 -> FALSE | J21: ='Sensitivity Labels'!F157 -> FALSE | K21: ='Sensitivity Labels'!F159 -> FALSE | L21: ='Sensitivity Labels'!F161 -> FALSE | M21: =IF(D21="",P$3,IF(OR(I21=TRUE,J21=TRUE),D21,P$4)) -> Please fill out Sensitivity Labels Tab | N21: =IF(D21="",P$3,IF(AND(I21=TRUE,J21=TRUE,K21=TRUE),$D21,P$4)) -> Please fill out Sensitivity Labels Tab | O21: =IF(D21="",P$3,IF(L21=TRUE,$D21,P$4)) -> Please fill out Sensitivity Labels Tab | S21: Brown
B22: =G22 -> 20 | C22: =IF('Sensitivity Labels'!C163="","",'Sensitivity Labels'!C163) | D22: =IF('Sensitivity Labels'!D163="","",C22&"-"&'Sensitivity Labels'!D163) | E22: =IF(OR(C22="",(LEFT(D22,3)="Par"),RIGHT(C22,1)="p"),"",D22) | G22: =G21+1 -> 20 | H22: =IF(OR((LEFT(D22,3)="Par"),RIGHT(C22,1)="p"),"True","false") -> false | I22: ='Sensitivity Labels'!F163 -> FALSE | J22: ='Sensitivity Labels'!F165 -> FALSE | K22: ='Sensitivity Labels'!F167 -> FALSE | L22: ='Sensitivity Labels'!F169 -> FALSE | M22: =IF(D22="",P$3,IF(OR(I22=TRUE,J22=TRUE),D22,P$4)) -> Please fill out Sensitivity Labels Tab | N22: =IF(D22="",P$3,IF(AND(I22=TRUE,J22=TRUE,K22=TRUE),$D22,P$4)) -> Please fill out Sensitivity Labels Tab | O22: =IF(D22="",P$3,IF(L22=TRUE,$D22,P$4)) -> Please fill out Sensitivity Labels Tab
E23: SubL | M23: LabelE | N23: LabelM | O23: LabelG
E24: {=IFERROR(_xlfn._xlws.FILTER(E3:E22,E3:E22<>""),"Please fill out Sensitivity Labels Tab")} -> Please fill out Sensitivity Labels Tab | M24: {=IFERROR(_xlfn._xlws.FILTER(M3:M22,M3:M22<>""),"Please fill out Sensitivity Labels Tab")} -> Please fill out Sensitivity Labels Tab | N24: {=IFERROR(_xlfn._xlws.FILTER(N3:N22,N3:N22<>""),"Please fill out Sensitivity Labels Tab")} -> Please fill out Sensitivity Labels Tab | O24: {=IFERROR(_xlfn._xlws.FILTER(O3:O22,O3:O22<>""),"Please fill out Sensitivity Labels Tab")} -> Please fill out Sensitivity Labels Tab
M25: Please fill out Sensitivity Labels Tab | N25: Please fill out Sensitivity Labels Tab | O25: Please fill out Sensitivity Labels Tab | R25: 1
M26: Please fill out Sensitivity Labels Tab | N26: Please fill out Sensitivity Labels Tab | O26: Please fill out Sensitivity Labels Tab | R26: =R25+1 -> 2
M27: Please fill out Sensitivity Labels Tab | N27: Please fill out Sensitivity Labels Tab | O27: Please fill out Sensitivity Labels Tab | R27: =R26+1 -> 3
M28: Please fill out Sensitivity Labels Tab | N28: Please fill out Sensitivity Labels Tab | O28: Please fill out Sensitivity Labels Tab | R28: =R27+1 -> 4
M29: Please fill out Sensitivity Labels Tab | N29: Please fill out Sensitivity Labels Tab | O29: Please fill out Sensitivity Labels Tab | R29: =R28+1 -> 5
M30: Please fill out Sensitivity Labels Tab | N30: Please fill out Sensitivity Labels Tab | O30: Please fill out Sensitivity Labels Tab | R30: =R29+1 -> 6
M31: Please fill out Sensitivity Labels Tab | N31: Please fill out Sensitivity Labels Tab | O31: Please fill out Sensitivity Labels Tab | R31: =R30+1 -> 7
M32: Please fill out Sensitivity Labels Tab | N32: Please fill out Sensitivity Labels Tab | O32: Please fill out Sensitivity Labels Tab | R32: =R31+1 -> 8
M33: Please fill out Sensitivity Labels Tab | N33: Please fill out Sensitivity Labels Tab | O33: Please fill out Sensitivity Labels Tab | R33: =R32+1 -> 9
M34: Please fill out Sensitivity Labels Tab | N34: Please fill out Sensitivity Labels Tab | O34: Please fill out Sensitivity Labels Tab | R34: =R33+1 -> 10
M35: Please fill out Sensitivity Labels Tab | N35: Please fill out Sensitivity Labels Tab | O35: Please fill out Sensitivity Labels Tab | R35: =R34+1 -> 11
M36: Please fill out Sensitivity Labels Tab | N36: Please fill out Sensitivity Labels Tab | O36: Please fill out Sensitivity Labels Tab | R36: =R35+1 -> 12
M37: Please fill out Sensitivity Labels Tab | N37: Please fill out Sensitivity Labels Tab | O37: Please fill out Sensitivity Labels Tab | R37: =R36+1 -> 13
... M43: Please fill out Sensitivity Labels Tab | N43: Please fill out Sensitivity Labels Tab | O43: Please fill out Sensitivity Labels Tab | R43: =R42+1 -> 19
R44: =R43+1 -> 20

Sheet How to Use
A1: This tool is meant to help you with planning and implementing your Sensitivity Labels. The pages below go together if they're colored the same. Further explanations below. | B1: MIT License Copyright (c) 2025 Nick Bear & Thomas Reed Permission is hereby granted, free of charge, to any person obtaining a copy of this software and associated documentation files (the "Software"), to deal in the Software without restriction, including without limitation the rights to use, copy, modify, merge, publish, distribute, sublicense, and/or sell copies of the Software, and to permit persons to whom the Software is furnished to do so, subject to the following conditions: The above copyright notice and this permission notice shall be included in all copies or substantial portions of the Software. THE SOFTWARE IS PROVIDED "AS IS", WITHOUT WARRANTY OF ANY KIND, EXPRESS OR IMPLIED, INCLUDING BUT NOT LIMITED TO THE WARRANTIES OF MERCHANTABILITY, FITNESS FOR A PARTICULAR PURPOSE AND NONINFRINGEMENT. IN NO EVENT SHALL THE AUTHORS OR COPYRIGHT HOLDERS BE LIABLE FOR ANY CLAIM, DAMAGES OR OTHER LIABILITY, WHETHER IN AN ACTION OF CONTRACT, TORT OR OTHERWISE, ARISING FROM, OUT OF OR IN CONNECTION WITH THE SOFTWARE OR THE USE OR OTHER DEALINGS IN THE SOFTWARE.
A3: Secure by default with Microsoft Purview | B3: https://learn.microsoft.com/en-us/purview/deploymentmodels/depmod-securebydefault-phase1
A4: Enabling "Groups & Sites" functionality to Sensitivity Labels | B4: https://www.linkedin.com/pulse/how-enable-container-based-groups-sites-sensitivity-label-bear-pberc/
A6: Legend:
A7: Page: | B7: Page Description: | C7: Microsoft Description: | D7: Links:
A8: Sensitivity Labels | B8: This the overview of your "Labels", what are "Parent" labels or "Sub" labels, "Priority" order, and what they're "Scoped" to. Since Sensitivity Labels can have different functionality based on where they're "Scoped" to we broke each section out into the following (Blue) pages even though we configure them in the same place for ease of understanding. Pay close attention to the big numbers on the left of each page. Under "Scope" here the corresponding “Scope box” MUST be selected with a “Label or Sub-Label” selected for it to be available in the same big number in “Emails, Files, & Other Data Assets, Teams meetings and chats, Groups & Sites” tabs. The Big numbers on the left side of each page can be referenced in the "Search" tab. | C8: Sensitivity labels are used to classify email messages, documents, sites, and more. When a label is applied (automatically or by the user), the content or site is protected based on the settings you choose. For example, you can create labels that encrypt files, add content marking, and control user access to specific sites. Labels can be applied to data assets and containers (like SharePoint sites and Teams). Let us know where you want this label to be used so we can show you the related protection settings. | D8: Learn about sensitivity labels | Microsoft Learn
A10: Emails, Files, & Other Data Assets | B10: These are Sensitivity Label's settings for Object based labeling.
A12: Teams meetings and chats | B12: These are Sensitivity Label's settings for "Teams meetings and chats" labeling.
A14: Groups & Sites | B14: These are Sensitivity Label's settings for Container based labeling. | C14: These settings apply to teams, groups, and sites that have this label applied. They don't apply directly to the files stored in those containers. | D14: Use sensitivity labels with Microsoft Teams, Microsoft 365 Groups, and SharePoint sites | Microsoft Learn
A16: Summary | B16: This shows at a higher level the Sensitivity Label settings you have set for your Labels. This is meant for the use case of seeing a friendlier & easier way to read your labels. If you need specifics of the setting or label, then go to that label's functionality tab and check or use the "Search" tab and bring that label up.
A18: Publishing | B18: This shows who and what settings you are pushing out Sensitivity Labels to. The Big numbers on the left side of each page can be referenced in the "Search" tab. | C18: Publish one or more labels to users' Microsoft 365 apps (like Outlook and Word), SharePoint sites, and Microsoft 365 groups. Once published, users can apply the labels to protect their content. | D18: Learn about sensitivity labels | Microsoft Learn
A20: Service-side Auto-Labeling | B20: This shows what service (Exchange Online, SharePoint Online, OneDrive) locations and conditions you are using to target "Cold Data" to auto-label with a Sensitivity Label. The Big numbers on the left side of each page can be referenced in the "Search" tab. | C20: Automatically apply sensitivity labels to sensitive emails, files, and other data assets. In addition to these policies, you can automatically apply labels to Office client apps by editing the "Auto-labeling" settings for a specific label. | D20: Automatically apply a sensitivity label to Microsoft 365 data | Microsoft Learn
A22: Data Loss Prevention | B22: This is to show what Data Loss Prevention (DLP) policies you're using the Sensitivity Label with. The Big numbers on the left side of each page can be referenced in the "Search" tab. | C22: Use data loss prevention (DLP) policies to help identify and protect your organization's sensitive info. For example you can set up policies to help make sure information in email and docs isn't shared with the wrong people. | D22: Learn about data loss prevention | Microsoft Learn
A24: Search | B24: This is for you to be able to search the Label, Publishing, Service-side Auto-Labeling, and or Data Loss Prevention (DLP) policy you're looking for. You would use the boxes at the top with numbers which are drop downs to select the numbered Label and or Policies you wish to review the configurations of.

Sheet Sensitivity Labels
C1: Sensitivity Labels
C3: Label/Parent Label/Label Group/Sub-Label: | D3: Name: | E3: Display Name: | F3: Scope: | I3: Description for users: | J3: Description for admins: | K3: Label Color:
A4: Explanation | C4: You will Select if the label is going to be a "Label/Parent Label/Label Group/Sub-Label". ("Parent Label" will be depreciated and replaced with "Label Groups" when "modern label scheme" rolls out.) | D4: This is the name of the label your admins will see in the compliance portal when configuring or managing labels. (You cannot change or reuse this name, even if you delete the label.) | E4: This is the name of the label your users will see in the apps where it's published (like Word, Outlook, and SharePoint). Be sure to come with a name that helps them understand what it's used for (for example, 'Confidential' or 'Personal'). | F4: What are the Scopes for this label. What capabilities will the label have and settings in those areas. The areas that you select here you need to go to the appropriate tabs on the bottom and add the settings for that label there. The tabs are the same color (Blue) because they are meant to be directly used together. | I4: When this label is applied to content, this tooltip will appear to users when they view the label in their apps (like Word, Outlook, and Teams) | J4: This description will appear only to admins who manage this label in the Purview portal. | K4: The color selected below is currently applied to the parent label. As a result, all sublabels of the parent label will inherit the same color. If you want to use a different color, edit the parent label.
A5: Links | C5: Get started with sensitivity labels | F5: Label scopes | K5: Label colors
C6: Learn about sensitivity labels
C7: Migrate parent sensitivity labels to label groups
C8: Label priority (order matters)
C10: Select from Drop down | D10: Enter Text | E10: Enter Text | F10: Select check box as needed | I10: Enter Text | J10: Enter Text | K10: Choose from Drop Down
A11: 1 | B11: =A11+10 -> 11 | F11: FALSE | G11: Files & Other Data assets | H11: Label files and data assets in Microsoft 365, Microsoft Fabric (Including Power BI), Microsoft Azure
B12: =B11+1 -> 12
B13: =B12+1 -> 13 | F13: FALSE | G13: Emails | H13: Label Messages send from all versions of Outlook
B14: =B13+1 -> 14
B15: =B14+1 -> 15 | F15: FALSE | G15: Meetings | H15: Label Calendar events and meetings schedules in Outlook and Teams
B16: =B15+1 -> 16
B17: =B16+1 -> 17 | F17: FALSE | G17: Groups & Sites | H17: Configure privacy, access control, and other project team labeled Teams, Microsoft 365 Groups , SharePoint sites, and Loop
A19: 2 | B19: =B11+10 -> 21 | F19: FALSE | G19: Files & Other Data assets | H19: Label files and data assets in Microsoft 365, Microsoft Fabric (Including Power BI), Microsoft Azure
B20: =B19+1 -> 22
B21: =B20+1 -> 23 | F21: FALSE | G21: Emails | H21: Label Messages send from all versions of Outlook
B22: =B21+1 -> 24
B23: =B22+1 -> 25 | F23: FALSE | G23: Meetings | H23: Label Calendar events and meetings schedules in Outlook and Teams
B24: =B23+1 -> 26
B25: =B24+1 -> 27 | F25: FALSE | G25: Groups & Sites | H25: Configure privacy, access control, and other project team labeled Teams, Microsoft 365 Groups , SharePoint sites, and Loop
A27: 3 | B27: =B19+10 -> 31 | F27: FALSE | G27: Files & Other Data assets | H27: Label files and data assets in Microsoft 365, Microsoft Fabric (Including Power BI), Microsoft Azure
B28: =B27+1 -> 32
B29: =B28+1 -> 33 | F29: FALSE | G29: Emails | H29: Label Messages send from all versions of Outlook
B30: =B29+1 -> 34
B31: =B30+1 -> 35 | F31: FALSE | G31: Meetings | H31: Label Calendar events and meetings schedules in Outlook and Teams
B32: =B31+1 -> 36
B33: =B32+1 -> 37 | F33: FALSE | G33: Groups & Sites | H33: Configure privacy, access control, and other project team labeled Teams, Microsoft 365 Groups , SharePoint sites, and Loop
A35: 4 | B35: =B27+10 -> 41 | F35: FALSE | G35: Files & Other Data assets | H35: Label files and data assets in Microsoft 365, Microsoft Fabric (Including Power BI), Microsoft Azure
B36: =B35+1 -> 42
B37: =B36+1 -> 43 | F37: FALSE | G37: Emails | H37: Label Messages send from all versions of Outlook
B38: =B37+1 -> 44
B39: =B38+1 -> 45 | F39: FALSE | G39: Meetings | H39: Label Calendar events and meetings schedules in Outlook and Teams
B40: =B39+1 -> 46
B41: =B40+1 -> 47 | F41: FALSE | G41: Groups & Sites | H41: Configure privacy, access control, and other project team labeled Teams, Microsoft 365 Groups , SharePoint sites, and Loop
A43: 5 | B43: =B35+10 -> 51 | F43: FALSE | G43: Files & Other Data assets | H43: Label files and data assets in Microsoft 365, Microsoft Fabric (Including Power BI), Microsoft Azure
B44: =B43+1 -> 52
B45: =B44+1 -> 53 | F45: FALSE | G45: Emails | H45: Label Messages send from all versions of Outlook
B46: =B45+1 -> 54
B47: =B46+1 -> 55 | F47: FALSE | G47: Meetings | H47: Label Calendar events and meetings schedules in Outlook and Teams
B48: =B47+1 -> 56
B49: =B48+1 -> 57 | F49: FALSE | G49: Groups & Sites | H49: Configure privacy, access control, and other project team labeled Teams, Microsoft 365 Groups , SharePoint sites, and Loop
A51: 6 | B51: =B43+10 -> 61 | F51: FALSE | G51: Files & Other Data assets | H51: Label files and data assets in Microsoft 365, Microsoft Fabric (Including Power BI), Microsoft Azure
B52: =B51+1 -> 62
B53: =B52+1 -> 63 | F53: FALSE | G53: Emails | H53: Label Messages send from all versions of Outlook
B54: =B53+1 -> 64
B55: =B54+1 -> 65 | F55: FALSE | G55: Meetings | H55: Label Calendar events and meetings schedules in Outlook and Teams
B56: =B55+1 -> 66
B57: =B56+1 -> 67 | F57: FALSE | G57: Groups & Sites | H57: Configure privacy, access control, and other project team labeled Teams, Microsoft 365 Groups , SharePoint sites, and Loop
A59: 7 | B59: =B51+10 -> 71 | F59: FALSE | G59: Files & Other Data assets | H59: Label files and data assets in Microsoft 365, Microsoft Fabric (Including Power BI), Microsoft Azure
B60: =B59+1 -> 72
B61: =B60+1 -> 73 | F61: FALSE | G61: Emails | H61: Label Messages send from all versions of Outlook
B62: =B61+1 -> 74
B63: =B62+1 -> 75 | F63: FALSE | G63: Meetings | H63: Label Calendar events and meetings schedules in Outlook and Teams
B64: =B63+1 -> 76
B65: =B64+1 -> 77 | F65: FALSE | G65: Groups & Sites | H65: Configure privacy, access control, and other project team labeled Teams, Microsoft 365 Groups , SharePoint sites, and Loop
A67: 8 | B67: =B59+10 -> 81 | F67: FALSE | G67: Files & Other Data assets | H67: Label files and data assets in Microsoft 365, Microsoft Fabric (Including Power BI), Microsoft Azure
B68: =B67+1 -> 82
B69: =B68+1 -> 83 | F69: FALSE | G69: Emails | H69: Label Messages send from all versions of Outlook
B70: =B69+1 -> 84
B71: =B70+1 -> 85 | F71: FALSE | G71: Meetings | H71: Label Calendar events and meetings schedules in Outlook and Teams
B72: =B71+1 -> 86
B73: =B72+1 -> 87 | F73: FALSE | G73: Groups & Sites | H73: Configure privacy, access control, and other project team labeled Teams, Microsoft 365 Groups , SharePoint sites, and Loop
A75: =A67+1 -> 9 | B75: =B67+10 -> 91 | F75: FALSE | G75: Files & Other Data assets | H75: Label files and data assets in Microsoft 365, Microsoft Fabric (Including Power BI), Microsoft Azure
B76: =B75+1 -> 92
B77: =B76+1 -> 93 | F77: FALSE | G77: Emails | H77: Label Messages send from all versions of Outlook
B78: =B77+1 -> 94
B79: =B78+1 -> 95 | F79: FALSE | G79: Meetings | H79: Label Calendar events and meetings schedules in Outlook and Teams
B80: =B79+1 -> 96
B81: =B80+1 -> 97 | F81: FALSE | G81: Groups & Sites | H81: Configure privacy, access control, and other project team labeled Teams, Microsoft 365 Groups , SharePoint sites, and Loop
A83: =A75+1 -> 10 | B83: =B75+10 -> 101 | F83: FALSE | G83: Files & Other Data assets | H83: Label files and data assets in Microsoft 365, Microsoft Fabric (Including Power BI), Microsoft Azure
B84: =B83+1 -> 102
B85: =B84+1 -> 103 | F85: FALSE | G85: Emails | H85: Label Messages send from all versions of Outlook
B86: =B85+1 -> 104
B87: =B86+1 -> 105 | F87: FALSE | G87: Meetings | H87: Label Calendar events and meetings schedules in Outlook and Teams
B88: =B87+1 -> 106
B89: =B88+1 -> 107 | F89: FALSE | G89: Groups & Sites | H89: Configure privacy, access control, and other project team labeled Teams, Microsoft 365 Groups , SharePoint sites, and Loop
A91: =A83+1 -> 11 | B91: =B83+10 -> 111 | F91: FALSE | G91: Files & Other Data assets | H91: Label files and data assets in Microsoft 365, Microsoft Fabric (Including Power BI), Microsoft Azure
B92: =B91+1 -> 112
B93: =B92+1 -> 113 | F93: FALSE | G93: Emails | H93: Label Messages send from all versions of Outlook
B94: =B93+1 -> 114
B95: =B94+1 -> 115 | F95: FALSE | G95: Meetings | H95: Label Calendar events and meetings schedules in Outlook and Teams
B96: =B95+1 -> 116
B97: =B96+1 -> 117 | F97: FALSE | G97: Groups & Sites | H97: Configure privacy, access control, and other project team labeled Teams, Microsoft 365 Groups , SharePoint sites, and Loop
A99: =A91+1 -> 12 | B99: =B91+10 -> 121 | F99: FALSE | G99: Files & Other Data assets | H99: Label files and data assets in Microsoft 365, Microsoft Fabric (Including Power BI), Microsoft Azure
B100: =B99+1 -> 122
B101: =B100+1 -> 123 | F101: FALSE | G101: Emails | H101: Label Messages send from all versions of Outlook
B102: =B101+1 -> 124
B103: =B102+1 -> 125 | F103: FALSE | G103: Meetings | H103: Label Calendar events and meetings schedules in Outlook and Teams
B104: =B103+1 -> 126
B105: =B104+1 -> 127 | F105: FALSE | G105: Groups & Sites | H105: Configure privacy, access control, and other project team labeled Teams, Microsoft 365 Groups , SharePoint sites, and Loop
A107: =A99+1 -> 13 | B107: =B99+10 -> 131 | F107: FALSE | G107: Files & Other Data assets | H107: Label files and data assets in Microsoft 365, Microsoft Fabric (Including Power BI), Microsoft Azure
B108: =B107+1 -> 132
B109: =B108+1 -> 133 | F109: FALSE | G109: Emails | H109: Label Messages send from all versions of Outlook
B110: =B109+1 -> 134
B111: =B110+1 -> 135 | F111: FALSE | G111: Meetings | H111: Label Calendar events and meetings schedules in Outlook and Teams
B112: =B111+1 -> 136
B113: =B112+1 -> 137 | F113: FALSE | G113: Groups & Sites | H113: Configure privacy, access control, and other project team labeled Teams, Microsoft 365 Groups , SharePoint sites, and Loop
A115: =A107+1 -> 14 | B115: =B107+10 -> 141 | F115: FALSE | G115: Files & Other Data assets | H115: Label files and data assets in Microsoft 365, Microsoft Fabric (Including Power BI), Microsoft Azure
...

Sheet Emails, Files, & Other Data
C1: Emails, Files, & Other Data Assets
H2: Access Control
C3: Label/Sub-Label Name: | E3: Choose protection settings for the types of items you selected: | H3: Remove or Configure: | J3: Assign: | L3: User access to content expires: | O3: Allow offline access: | R3: Assign Permissions Now: | U3: Let users assign permissions when they apply the label: | X3: Content Marking: | AB3: Auto-labeling for files and emails: "Client-side Auto-Labeling"
A4: Explanation | C4: Select the label/Sub-Label that these settings will be used for. | E4: Select the capabilities do you want this label to apply to "Emails, Files, & Other Data Assets". The protection settings you configure will be enforced when the label is applied to items in Microsoft 365. | H4: When you select Configure access control settings on the Access control page to create or edit a sensitivity label, choose one of the following options: | J4: Use encryption capabilities to control who can access labeled items. Depending on the scope you specified, items can include emails, Office, Fabric and Power BI files, and meeting invites. If the user applying the label has the correct usage rights or role, any existing access control settings will be removed from the item. | L4: If you want to limit how long users can access content with this label, specify a date or number of days at which access should expire. More info: After this time, users won't be able to open files with this label applied. However, for emails, expiration isn't always enforced due to caching mechanisms used by some email clients. If you specify a date, it's effective midnight, in your current time zone. If you specify a number of days, the time starts when the label is applied to the content. | O4: If you specify that labeled content is never available offline or that it's available offline only for a number of days, when that threshold is reached, users must be reauthenticated and their access is logged. When this happens, if their credentials aren't cached, users are prompted to sign into Microsoft 365 before they can open the document or email. | R4: Only the users or groups you choose will be assigned permissions to use the content that has this label applied. You can choose from existing permissions (such as Co-Owner, Co-Author, and Reviewer) or customize them to meet your needs. | U4: Often referred to as "user-defined permissions", you can use the following options to let users assign permissions when they manually apply a sensitivity label to content | X4: Add custom headers, footers, and watermarks to content that has this label applied. (All content marking will be applied to documents but only the header and footer will be applied to email messages. If you chose to configure meeting settings for this label, the header and footer will also be applied to meeting invites.) | AB4: When users edit Office files or compose, reply to, or forward emails from Outlook that contain content matching the conditions you choose here, we'll automatically apply this label or recommend that they apply it themselves. Automatic and recommended labeling works differently for items in Office 365 vs. files stored on Windows devices. (To automatically apply this label to files that are already saved (in SharePoint and OneDrive) or emails that are already processed by Exchange, you must create an auto-labeling policy.)
A5: Links | E5: Create and configure sensitivity labels | H5: Configure encryption settings | J5: Restrict access to content by using sensitivity labels to apply encryption | L5: Assign permissions now | O5: Assign permissions now | R5: Usage rights and descriptions | U5: Let users assign permissions | X5: What sensitivity labels can do | AB5: Automatically apply a sensitivity label to Microsoft 365 data
H6: How to configure a label for encryption | J6: What happens to existing encryption when a label's applied | O6: Rights Management use license for offline access | AB6: Service-Side Auto Labeling (Which is used on the Yellow tab of the same name.)
AB7: https://learn.microsoft.com/en-us/purview/apply-sensitivity-label-automatically#how-automatic-or-recommended-labels-are-applied
A10: 1 | B10: =A10+10 -> 11 | C10: =VLOOKUP(A10,INputs!$G$3:$O$22,7,FALSE) -> Please fill out Sensitivity Labels Tab | F10: Select check box as needed | H10: Select check box as needed | J10: Select a check box | L10: Select check box as needed | O10: Select check box as needed | R10: Assign Permissions to specific user and groups | T10: Enter Text | U10: In outlook, enforce one of the following restrictions | Y10: Select check box as needed | AE10: Enter Text (Detect content that matches these conditions)
B11: =B10+1 -> 12 | AC11: Select check box as needed
B12: =B11+1 -> 13 | E12: FALSE | F12: Control Access Control who can access and view labeled items. | H12: FALSE | I12: Remove access control settings if already applied to items | J12: FALSE | K12: Assign Permissions now | L12: FALSE | M12: Never | O12: FALSE | P12: Always | X12: FALSE | Y12: Add a watermark | AB12: FALSE | AC12: Auto-labeling for files and emails
B13: =B12+1 -> 14 | E13: FALSE | F13: Apply Content marking Add custom headers, footers, and watermarks to labeled items. | J13: FALSE | K13: Let users assign permissions when they apply the label | L13: FALSE | M13: On a specific Date | N13: 44197 | O13: FALSE | P13: Never | R13: FALSE | S13: Use dynamic watermarking | T13: Enter Text | U13: FALSE | V13: In Word, PowerPoint, and Excel, prompt users to specify Permissions | X13: FALSE | Y13: Add a header | AC13: Choose from Drop Down | AE13: Enter Text (Display this message to users when the label is applied)
B14: =B13+1 -> 15 | E14: FALSE | F14: Protect Team meetings and chats Configure protection settings for Teams meetings and chats. (Configure under the Teams Tab) | H14: FALSE | I14: Configure access control setting | L14: FALSE | M14: # of days after label is applied | N14: 78 | O14: FALSE | P14: # of days after label is applied | Q14: 76 | U14: Select check box as needed | X14: FALSE | Y14: Add a footer
B15: =B14+1 -> 16 | U15: FALSE | V15: Use dynamic watermarking
B16: =B15+1 -> 17 | R16: FALSE | S16: Use Double Key Encryption | T16: Enter Text
B17: =B16+1 -> 18 | U17: FALSE | V17: Use Double Key Encryption
B18: =B17+1 -> 19
A22: =A10+1 -> 2 | B22: =B10+10 -> 21 | C22: =VLOOKUP(A22,INputs!$G$3:$O$22,7,FALSE) -> Please fill out Sensitivity Labels Tab | F22: Select check box as needed | H22: Select check box as needed | J22: =J$10 -> Select a check box | L22: Select check box as needed | O22: Select check box as needed | R22: Assign Permissions to specific user and groups | T22: Enter Text | U22: In outlook, enforce one of the following restrictions | Y22: Select check box as needed | AE22: Enter Text (Detect content that matches these conditions)
B23: =B22+1 -> 22 | V23: Choose from Drop Down | AC23: Select check box as needed
B24: =B23+1 -> 23 | E24: FALSE | F24: Control Access Control who can access and view labeled items. | H24: FALSE | I24: Remove access control settings if already applied to items | J24: FALSE | K24: Assign Permissions now | L24: FALSE | M24: Never | O24: FALSE | P24: Always | X24: FALSE | Y24: Add a watermark | AB24: FALSE | AC24: Auto-labeling for files and emails
B25: =B24+1 -> 24 | E25: FALSE | F25: Apply Content marking Add custom headers, footers, and watermarks to labeled items. | J25: FALSE | K25: Let users assign permissions when they apply the label | L25: FALSE | M25: On a specific Date | N25: 44197 | O25: FALSE | P25: Never | R25: FALSE | S25: Use dynamic watermarking | T25: Enter Text | U25: FALSE | V25: In Word, PowerPoint, and Excel, prompt users to specify Permissions | X25: FALSE | Y25: Add a header | AC25: Choose from Drop Down | AE25: Enter Text (Display this message to users when the label is applied)
B26: =B25+1 -> 25 | E26: FALSE | F26: Protect Team meetings and chats Configure protection settings for Teams meetings and chats. (Configure under the Teams Tab) | H26: FALSE | I26: Configure access control setting | L26: FALSE | M26: # of days after label is applied | N26: 6 | O26: FALSE | P26: # of days after label is applied | Q26: 7 | U26: Select check box as needed | X26: FALSE | Y26: Add a footer
B27: =B26+1 -> 26 | U27: FALSE | V27: Use dynamic watermarking
B28: =B27+1 -> 27 | R28: FALSE | S28: Use Double Key Encryption | T28: Enter Text
B29: =B28+1 -> 28 | U29: FALSE | V29: Use Double Key Encryption
B30: =B29+1 -> 29
A34: =A22+1 -> 3 | B34: =B22+10 -> 31 | C34: =VLOOKUP(A34,INputs!$G$3:$O$22,7,FALSE) -> Please fill out Sensitivity Labels Tab | F34: Select check box as needed | H34: Select check box as needed | J34: =J10 -> Select a check box | L34: Select check box as needed | O34: Select check box as needed | R34: Assign Permissions to specific user and groups | T34: Enter Text | U34: In outlook, enforce one of the following restrictions | Y34: Select check box as needed | AE34: Enter Text (Detect content that matches these conditions)
B35: =B34+1 -> 32 | V35: Choose from Drop Down | AC35: Select check box as needed
B36: =B35+1 -> 33 | E36: FALSE | F36: Control Access Control who can access and view labeled items. | H36: FALSE | I36: Remove access control settings if already applied to items | J36: FALSE | K36: Assign Permissions now | L36: FALSE | M36: Never | O36: FALSE | P36: Always | X36: FALSE | Y36: Add a watermark | AB36: FALSE | AC36: Auto-labeling for files and emails
B37: =B36+1 -> 34 | E37: FALSE | F37: Apply Content marking Add custom headers, footers, and watermarks to labeled items. | J37: FALSE | K37: Let users assign permissions when they apply the label | L37: FALSE | M37: On a specific Date | N37: 44197 | O37: FALSE | P37: Never | R37: FALSE | S37: Use dynamic watermarking | T37: Enter Text | U37: FALSE | V37: In Word, PowerPoint, and Excel, prompt users to specify Permissions | X37: FALSE | Y37: Add a header | AC37: Choose from Drop Down | AE37: Enter Text (Display this message to users when the label is applied)
B38: =B37+1 -> 35 | E38: FALSE | F38: Protect Team meetings and chats Configure protection settings for Teams meetings and chats. (Configure under the Teams Tab) | H38: FALSE | I38: Configure access control setting | L38: FALSE | M38: # of days after label is applied | N38: 0 | O38: FALSE | P38: # of days after label is applied | Q38: 0 | U38: Select check box as needed | X38: FALSE | Y38: Add a footer
B39: =B38+1 -> 36 | U39: FALSE | V39: Use dynamic watermarking
B40: =B39+1 -> 37 | R40: FALSE | S40: Use Double Key Encryption | T40: Enter Text
B41: =B40+1 -> 38 | U41: FALSE | V41: Use Double Key Encryption
B42: =B41+1 -> 39
A46: =A34+1 -> 4 | B46: =B34+10 -> 41 | C46: =VLOOKUP(A46,INputs!$G$3:$O$22,7,FALSE) -> Please fill out Sensitivity Labels Tab | F46: Select check box as needed | H46: Select check box as needed | J46: =J10 -> Select a check box | L46: Select check box as needed | O46: Select check box as needed | R46: Assign Permissions to specific user and groups | T46: Enter Text | U46: In outlook, enforce one of the following restrictions | Y46: Select check box as needed | AE46: Enter Text (Detect content that matches these conditions)
B47: =B46+1 -> 42 | V47: Choose from Drop Down | AC47: Select check box as needed
B48: =B47+1 -> 43 | E48: FALSE | F48: Control Access Control who can access and view labeled items. | H48: FALSE | I48: Remove access control settings if already applied to items | J48: FALSE | K48: Assign Permissions now | L48: FALSE | M48: Never | O48: FALSE | P48: Always | X48: FALSE | Y48: Add a watermark | AB48: FALSE | AC48: Auto-labeling for files and emails
B49: =B48+1 -> 44 | E49: FALSE | F49: Apply Content marking Add custom headers, footers, and watermarks to labeled items. | J49: FALSE | K49: Let users assign permissions when they apply the label | L49: FALSE | M49: On a specific Date | N49: 44197 | O49: FALSE | P49: Never | R49: FALSE | S49: Use dynamic watermarking | T49: Enter Text | U49: FALSE | V49: In Word, PowerPoint, and Excel, prompt users to specify Permissions | X49: FALSE | Y49: Add a header | AC49: Choose from Drop Down | AE49: Enter Text (Display this message to users when the label is applied)
B50: =B49+1 -> 45 | E50: FALSE | F50: Protect Team meetings and chats Configure protection settings for Teams meetings and chats. (Configure under the Teams Tab) | H50: FALSE | I50: Configure access control setting | L50: FALSE | M50: # of days after label is applied | N50: 6 | O50: FALSE | P50: # of days after label is applied | Q50: 7 | U50: Select check box as needed | X50: FALSE | Y50: Add a footer
B51: =B50+1 -> 46 | U51: FALSE | V51: Use dynamic watermarking
B52: =B51+1 -> 47 | R52: FALSE | S52: Use Double Key Encryption | T52: Enter Text
B53: =B52+1 -> 48 | U53: FALSE | V53: Use Double Key Encryption
B54: =B53+1 -> 49
A58: =A46+1 -> 5 | B58: =B46+10 -> 51 | C58: =VLOOKUP(A58,INputs!$G$3:$O$22,7,FALSE) -> Please fill out Sensitivity Labels Tab | F58: Select check box as needed | H58: Select check box as needed | J58: =J$10 -> Select a check box | L58: Select check box as needed | O58: Select check box as needed | R58: Assign Permissions to specific user and groups | T58: Enter Text | U58: In outlook, enforce one of the following restrictions | Y58: Select check box as needed | AE58: Enter Text (Detect content that matches these conditions)
B59: =B58+1 -> 52 | V59: Choose from Drop Down | AC59: Select check box as needed
B60: =B59+1 -> 53 | E60: FALSE | F60: Control Access Control who can access and view labeled items. | H60: FALSE | I60: Remove access control settings if already applied to items | J60: FALSE | K60: Assign Permissions now | L60: FALSE | M60: Never | O60: FALSE | P60: Always | X60: FALSE | Y60: Add a watermark | AB60: FALSE | AC60: Auto-labeling for files and emails
B61: =B60+1 -> 54 | E61: FALSE | F61: Apply Content marking Add custom headers, footers, and watermarks to labeled items. | J61: FALSE | K61: Let users assign permissions when they apply the label | L61: FALSE | M61: On a specific Date | N61: 44197 | O61: FALSE | P61: Never | R61: FALSE | S61: Use dynamic watermarking | T61: Enter Text | U61: FALSE | V61: In Word, PowerPoint, and Excel, prompt users to specify Permissions | X61: FALSE | Y61: Add a header | AC61: Choose from Drop Down | AE61: Enter Text (Display this message to users when the label is applied)
B62: =B61+1 -> 55 | E62: FALSE | F62: Protect Team meetings and chats Configure protection settings for Teams meetings and chats. (Configure under the Teams Tab) | H62: FALSE | I62: Configure access control setting | L62: FALSE | M62: # of days after label is applied | N62: 0 | O62: FALSE | P62: # of days after label is applied | Q62: 7 | U62: Select check box as needed | X62: FALSE | Y62: Add a footer
B63: =B62+1 -> 56 | U63: FALSE | V63: Use dynamic watermarking
B64: =B63+1 -> 57 | R64: FALSE | S64: Use Double Key Encryption | T64: Enter Text
B65: =B64+1 -> 58 | U65: FALSE | V65: Use Double Key Encryption
B66: =B65+1 -> 59
A70: =A58+1 -> 6 | B70: =B58+10 -> 61 | C70: =VLOOKUP(A70,INputs!$G$3:$O$22,7,FALSE) -> Please fill out Sensitivity Labels Tab | F70: Select check box as needed | H70: Select check box as needed | J70: =J$10 -> Select a check box | L70: Select check box as needed | O70: Select check box as needed | R70: Assign Permissions to specific user and groups | T70: Enter Text | U70: In outlook, enforce one of the following restrictions | Y70: Select check box as needed | AE70: Enter Text (Detect content that matches these conditions)
B71: =B70+1 -> 62 | V71: Choose from Drop Down | AC71: Select check box as needed
B72: =B71+1 -> 63 | E72: FALSE | F72: Control Access Control who can access and view labeled items. | H72: FALSE | I72: Remove access control settings if already applied to items | J72: FALSE | K72: Assign Permissions now | L72: FALSE | M72: Never | O72: FALSE | P72: Always | X72: FALSE | Y72: Add a watermark | AB72: FALSE | AC72: Auto-labeling for files and emails
B73: =B72+1 -> 64 | E73: FALSE | F73: Apply Content marking Add custom headers, footers, and watermarks to labeled items. | J73: FALSE | K73: Let users assign permissions when they apply the label | L73: FALSE | M73: On a specific Date | N73: 44197 | O73: FALSE | P73: Never | R73: TRUE | S73: Use dynamic watermarking | T73: Enter Text | U73: FALSE | V73: In Word, PowerPoint, and Excel, prompt users to specify Permissions | X73: FALSE | Y73: Add a header | AC73: Choose from Drop Down | AE73: Enter Text (Display this message to users when the label is applied)
B74: =B73+1 -> 65 | E74: FALSE | F74: Protect Team meetings and chats Configure protection settings for Teams meetings and chats. (Configure under the Teams Tab) | H74: FALSE | I74: Configure access control setting | L74: FALSE | M74: # of days after label is applied | N74: 6 | O74: FALSE | P74: # of days after label is applied | Q74: 7 | U74: Select check box as needed | X74: FALSE | Y74: Add a footer
B75: =B74+1 -> 66 | U75: FALSE | V75: Use dynamic watermarking
B76: =B75+1 -> 67 | R76: TRUE | S76: Use Double Key Encryption | T76: Enter Text
B77: =B76+1 -> 68 | U77: FALSE | V77: Use Double Key Encryption
B78: =B77+1 -> 69
A82: =A70+1 -> 7 | B82: =B70+10 -> 71 | C82: =VLOOKUP(A82,INputs!$G$3:$O$22,7,FALSE) -> Please fill out Sensitivity Labels Tab | F82: Select check box as needed check box as needed | H82: Select check box as needed | J82: =J$10 -> Select a check box | L82: Select check box as needed | O82: Select check box as needed check box as needed | R82: Assign Permissions to specific user and groups | T82: Enter Text | U82: In outlook, enforce one of the following restrictions | Y82: Select check box as needed | AE82: Enter Text (Detect content that matches these conditions)
B83: =B82+1 -> 72 | V83: Choose from Drop Down | AC83: Select check box as needed
B84: =B83+1 -> 73 | E84: FALSE | F84: Control Access Control who can access and view labeled items. | H84: FALSE | I84: Remove access control settings if already applied to items | J84: FALSE | K84: Assign Permissions now | L84: FALSE | M84: Never | O84: FALSE | P84: Always | X84: FALSE | Y84: Add a watermark | AB84: FALSE | AC84: Auto-labeling for files and emails
B85: =B84+1 -> 74 | E85: FALSE | F85: Apply Content marking Add custom headers, footers, and watermarks to labeled items. | J85: FALSE | K85: Let users assign permissions when they apply the label | L85: FALSE | M85: On a specific Date | N85: 44197 | O85: FALSE | P85: Never | R85: FALSE | S85: Use dynamic watermarking | T85: Enter Text | U85: FALSE | V85: In Word, PowerPoint, and Excel, prompt users to specify Permissions | X85: FALSE | Y85: Add a header | AC85: Choose from Drop Down | AE85: Enter Text (Display this message to users when the label is applied)
B86: =B85+1 -> 75 | E86: FALSE | F86: Protect Team meetings and chats Configure protection settings for Teams meetings and chats. (Configure under the Teams Tab) | H86: FALSE | I86: Configure access control setting | L86: FALSE | M86: # of days after label is applied | N86: 6 | O86: FALSE | P86: # of days after label is applied | Q86: 7 | U86: Select check box as needed | X86: FALSE | Y86: Add a footer
B87: =B86+1 -> 76 | U87: FALSE | V87: Use dynamic watermarking
B88: =B87+1 -> 77 | R88: FALSE | S88: Use Double Key Encryption | T88: Enter Text
B89: =B88+1 -> 78 | U89: FALSE | V89: Use Double Key Encryption
B90: =B89+1 -> 79
A94: =A82+1 -> 8 | B94: =B82+10 -> 81 | C94: =VLOOKUP(A94,INputs!$G$3:$O$22,7,FALSE) -> Please fill out Sensitivity Labels Tab | F94: Select check box as needed | H94: Select check box as needed | J94: =J$10 -> Select a check box | L94: Select check box as needed | O94: Select check box as needed | R94: Assign Permissions to specific user and groups | T94: Enter Text | U94: In outlook, enforce one of the following restrictions | Y94: Select check box as needed | AE94: Enter Text (Detect content that matches these conditions)
B95: =B94+1 -> 82 | V95: Choose from Drop Down | AC95: Select check box as needed
B96: =B95+1 -> 83 | E96: FALSE | F96: Control Access Control who can access and view labeled items. | H96: FALSE | I96: Remove access control settings if already applied to items | J96: FALSE | K96: Assign Permissions now | L96: FALSE | M96: Never | O96: FALSE | P96: Always | X96: FALSE | Y96: Add a watermark | AB96: FALSE | AC96: Auto-labeling for files and emails
B97: =B96+1 -> 84 | E97: FALSE | F97: Apply Content marking Add custom headers, footers, and watermarks to labeled items. | J97: FALSE | K97: Let users assign permissions when they apply the label | L97: FALSE | M97: On a specific Date | N97: 44197 | O97: FALSE | P97: Never | R97: FALSE | S97: Use dynamic watermarking | T97: Enter Text | U97: FALSE | V97: In Word, PowerPoint, and Excel, prompt users to specify Permissions | X97: FALSE | Y97: Add a header | AC97: Choose from Drop Down | AE97: Enter Text (Display this message to users when the label is applied)
B98: =B97+1 -> 85 | E98: FALSE | F98: Protect Team meetings and chats Configure protection settings for Teams meetings and chats. (Configure under the Teams Tab) | H98: FALSE | I98: Configure access control setting | L98: FALSE | M98: # of days after label is applied | N98: 6 | O98: FALSE | P98: # of days after label is applied | Q98: 7 | U98: Select check box as needed | X98: FALSE | Y98: Add a footer
B99: =B98+1 -> 86 | U99: FALSE | V99: Use dynamic watermarking
B100: =B99+1 -> 87 | R100: FALSE | S100: Use Double Key Encryption | T100: Enter Text
B101: =B100+1 -> 88 | U101: FALSE | V101: Use Double Key Encryption
B102: =B101+1 -> 89
A106: =A94+1 -> 9 | B106: =B94+10 -> 91 | C106: =VLOOKUP(A106,INputs!$G$3:$O$22,7,FALSE) -> Please fill out Sensitivity Labels Tab | F106: Select check box as needed | H106: Select check box as needed | J106: =J$10 -> Select a check box | L106: Select check box as needed | O106: Select check box as needed | R106: Assign Permissions to specific user and groups | T106: Enter Text | U106: In outlook, enforce one of the following restrictions | Y106: Select check box as needed | AE106: Enter Text (Detect content that matches these conditions)
B107: =B106+1 -> 92 | V107: Choose from Drop Down | AC107: Select check box as needed
B108: =B107+1 -> 93 | E108: FALSE | F108: Control Access Control who can access and view labeled items. | H108: FALSE | I108: Remove access control settings if already applied to items | J108: FALSE | K108: Assign Permissions now | L108: FALSE | M108: Never | O108: FALSE | P108: Always | X108: FALSE | Y108: Add a watermark | AB108: FALSE | AC108: Auto-labeling for files and emails
B109: =B108+1 -> 94 | E109: FALSE | F109: Apply Content marking Add custom headers, footers, and watermarks to labeled items. | J109: FALSE | K109: Let users assign permissions when they apply the label | L109: FALSE | M109: On a specific Date | N109: 44197 | O109: FALSE | P109: Never | R109: FALSE | S109: Use dynamic watermarking | T109: Enter Text | U109: FALSE | V109: In Word, PowerPoint, and Excel, prompt users to specify Permissions | X109: FALSE | Y109: Add a header | AC109: Choose from Drop Down | AE109: Enter Text (Display this message to users when the label is applied)
B110: =B109+1 -> 95 | E110: FALSE | F110: Protect Team meetings and chats Configure protection settings for Teams meetings and chats. (Configure under the Teams Tab) | H110: FALSE | I110: Configure access control setting | L110: FALSE | M110: # of days after label is applied | N110: 6 | O110: FALSE | P110: # of days after label is applied | Q110: 0 | U110: Select check box as needed | X110: FALSE | Y110: Add a footer
B111: =B110+1 -> 96 | U111: FALSE | V111: Use dynamic watermarking
B112: =B111+1 -> 97 | R112: FALSE | S112: Use Double Key Encryption | T112: Enter Text
B113: =B112+1 -> 98 | U113: FALSE | V113: Use Double Key Encryption
B114: =B113+1 -> 99
A118: =A106+1 -> 10 | B118: =B106+10 -> 101 | C118: =VLOOKUP(A118,INputs!$G$3:$O$22,7,FALSE) -> Please fill out Sensitivity Labels Tab | F118: Select check box as needed | H118: Select check box as needed | J118: =J$10 -> Select a check box | L118: Select check box as needed | O118: Select check box as needed | R118: Assign Permissions to specific user and groups | T118: Enter Text | U118: In outlook, enforce one of the following restrictions | Y118: Select check box as needed | AE118: Enter Text (Detect content that matches these conditions)
B119: =B118+1 -> 102 | V119: Choose from Drop Down | AC119: Select check box as needed
B120: =B119+1 -> 103 | E120: FALSE | F120: Control Access Control who can access and view labeled items. | H120: FALSE | I120: Remove access control settings if already applied to items | J120: FALSE | K120: Assign Permissions now | L120: FALSE | M120: Never | O120: FALSE | P120: Always | X120: FALSE | Y120: Add a watermark | AB120: FALSE | AC120: Auto-labeling for files and emails
B121: =B120+1 -> 104 | E121: FALSE | F121: Apply Content marking Add custom headers, footers, and watermarks to labeled items. | J121: FALSE | K121: Let users assign permissions when they apply the label | L121: FALSE | M121: On a specific Date | N121: 44197 | O121: FALSE | P121: Never | R121: FALSE | S121: Use dynamic watermarking | T121: Enter Text | U121: FALSE | V121: In Word, PowerPoint, and Excel, prompt users to specify Permissions | X121: FALSE | Y121: Add a header | AC121: Choose from Drop Down | AE121: Enter Text (Display this message to users when the label is applied)
B122: =B121+1 -> 105 | E122: FALSE | F122: Protect Team meetings and chats Configure protection settings for Teams meetings and chats. (Configure under the Teams Tab) | H122: FALSE | I122: Configure access control setting | L122: FALSE | M122: # of days after label is applied | N122: 6 | O122: FALSE | P122: # of days after label is applied | Q122: 0 | U122: Select check box as needed | X122: FALSE | Y122: Add a footer
B123: =B122+1 -> 106 | U123: FALSE | V123: Use dynamic watermarking
B124: =B123+1 -> 107 | R124: FALSE | S124: Use Double Key Encryption | T124: Enter Text
B125: =B124+1 -> 108 | U125: FALSE | V125: Use Double Key Encryption
B126: =B125+1 -> 109
A130: =A118+1 -> 11 | B130: =B118+10 -> 111 | C130: =VLOOKUP(A130,INputs!$G$3:$O$22,7,FALSE) -> Please fill out Sensitivity Labels Tab | F130: Select check box as needed | H130: Select check box as needed | J130: =J$10 -> Select a check box | L130: Select check box as needed | O130: Select check box as needed | R130: Assign Permissions to specific user and groups | T130: Enter Text | U130: In outlook, enforce one of the following restrictions | Y130: Select check box as needed | AE130: Enter Text (Detect content that matches these conditions)
B131: =B130+1 -> 112 | V131: Choose from Drop Down | AC131: Select check box as needed
B132: =B131+1 -> 113 | E132: FALSE | F132: Control Access Control who can access and view labeled items. | H132: FALSE | I132: Remove access control settings if already applied to items | J132: FALSE | K132: Assign Permissions now | L132: FALSE | M132: Never | O132: FALSE | P132: Always | X132: FALSE | Y132: Add a watermark | AB132: FALSE | AC132: Auto-labeling for files and emails
...

Sheet Teams meetings and chats
B1: Teams meetings and chats
B2: Label/Sub-Label Name: | D2: Control who can Bypass the Lobby: | I2: Control Who Can Present: | K2: Control who can Record and Transcribe: | M2: Control Whether Meetings are Recorded Automatically: | O2: Control End-to-end Encryption for Meeting Video and Audio: | Q2: Control Watermarks: | U2: Detect sensitive content during screen sharing: | W2: Control Meeting Chat: | Y2: Prevent Copying and Forwarding of Meeting Content:
A3: Explanation | B3: Select the label/Sub-Label that these settings will be used for. | D3: Groups you specify here will be able to join meetings without having to wait for someone to admit them. All others will have to wait in the lobby until they're admitted or denied. Depending on the meeting policy set up by your IT admin, people joining without a Teams account, people from untrusted organizations, and people dialing in may be placed in the lobby until someone from your org or a trusted org joins the meeting, even if the 'Everyone' option is selected. | K3: If selected, you won't be able to record meetings automatically, apply end-to-end encryption, or apply watermarks. | M3: If selected, you won't be able to control who can record and transcribe, apply end-to-end encryption, or apply watermarks. | O3: End-to-end encryption in Teams is controlled by enhanced encryption policies, which are created in the Teams admin center. When a meeting is encrypted end-to-end, the policies might prevent some participants from joining. Not all features will be available, including recording, transcription, and live captions. If selected, you won't be able to record meetings automatically or control who can record and transcribe. | Q3: Watermarks aren't available for all scenarios, including recording, PowerPoint Live, and Whiteboard. Users joining from unsupported platforms can't see video or shared content. If selected, you won't be able to control who can record and transcribe or record meetings automatically. | U3: If selected, you won't be able to apply end-to-end encryption. | Y3: Meeting participants won't be able to copy or forward meeting chat messages, links, live captions, transcripts, or AI-generated content. However, there might be exceptions, like using screen capture or developer tools.
A4: Links | B4: Use sensitivity labels to protect calendar items, Teams meetings, and chat | D4: IT Admins - Manage lobby options in Microsoft Teams | Y4: Prevent copying and forwarding for chats and meeting content
D9: Choose from Drop Down | F9: Select check box as needed | I9: Choose from Drop Down | K9: Choose from Drop Down | M9: Choose from Drop Down | O9: Choose from Drop Down | Q9: Choose from Drop Down | S9: Choose from Drop Down | U9: Choose from Drop Down | W9: Choose from Drop Down | Y9: Choose from Drop Down
A11: 1 | B11: =VLOOKUP(A11,INputs!$G$3:$O$22,8,FALSE) -> Please fill out Sensitivity Labels Tab | F11: FALSE | G11: People dialing in can bypass the lobby
A13: 2 | B13: =VLOOKUP(A13,INputs!$G$3:$O$22,8,FALSE) -> Please fill out Sensitivity Labels Tab | F13: FALSE | G13: People dialing in can bypass the lobby
A15: 3 | B15: =VLOOKUP(A15,INputs!$G$3:$O$22,8,FALSE) -> Please fill out Sensitivity Labels Tab | F15: FALSE | G15: People dialing in can bypass the lobby
A17: 4 | B17: =VLOOKUP(A17,INputs!$G$3:$O$22,8,FALSE) -> Please fill out Sensitivity Labels Tab | F17: FALSE | G17: People dialing in can bypass the lobby
A19: 5 | B19: =VLOOKUP(A19,INputs!$G$3:$O$22,8,FALSE) -> Please fill out Sensitivity Labels Tab | F19: FALSE | G19: People dialing in can bypass the lobby
A21: 6 | B21: =VLOOKUP(A21,INputs!$G$3:$O$22,8,FALSE) -> Please fill out Sensitivity Labels Tab | F21: FALSE | G21: People dialing in can bypass the lobby
A23: 7 | B23: =VLOOKUP(A23,INputs!$G$3:$O$22,8,FALSE) -> Please fill out Sensitivity Labels Tab | F23: FALSE | G23: People dialing in can bypass the lobby
A25: 8 | B25: =VLOOKUP(A25,INputs!$G$3:$O$22,8,FALSE) -> Please fill out Sensitivity Labels Tab | F25: FALSE | G25: People dialing in can bypass the lobby
A27: 9 | B27: =VLOOKUP(A27,INputs!$G$3:$O$22,8,FALSE) -> Please fill out Sensitivity Labels Tab | F27: FALSE | G27: People dialing in can bypass the lobby
A29: 10 | B29: =VLOOKUP(A29,INputs!$G$3:$O$22,8,FALSE) -> Please fill out Sensitivity Labels Tab | F29: FALSE | G29: People dialing in can bypass the lobby
A31: =A29+1 -> 11 | B31: =VLOOKUP(A31,INputs!$G$3:$O$22,8,FALSE) -> Please fill out Sensitivity Labels Tab | F31: FALSE | G31: People dialing in can bypass the lobby
A33: =A31+1 -> 12 | B33: =VLOOKUP(A33,INputs!$G$3:$O$22,8,FALSE) -> Please fill out Sensitivity Labels Tab | F33: FALSE | G33: People dialing in can bypass the lobby
A35: =A33+1 -> 13 | B35: =VLOOKUP(A35,INputs!$G$3:$O$22,8,FALSE) -> Please fill out Sensitivity Labels Tab | F35: FALSE | G35: People dialing in can bypass the lobby
A37: =A35+1 -> 14 | B37: =VLOOKUP(A37,INputs!$G$3:$O$22,8,FALSE) -> Please fill out Sensitivity Labels Tab | F37: FALSE | G37: People dialing in can bypass the lobby
A39: =A37+1 -> 15 | B39: =VLOOKUP(A39,INputs!$G$3:$O$22,8,FALSE) -> Please fill out Sensitivity Labels Tab | F39: FALSE | G39: People dialing in can bypass the lobby
A41: =A39+1 -> 16 | B41: =VLOOKUP(A41,INputs!$G$3:$O$22,8,FALSE) -> Please fill out Sensitivity Labels Tab | F41: FALSE | G41: People dialing in can bypass the lobby
A43: =A41+1 -> 17 | B43: =VLOOKUP(A43,INputs!$G$3:$O$22,8,FALSE) -> Please fill out Sensitivity Labels Tab | F43: FALSE | G43: People dialing in can bypass the lobby
A45: =A43+1 -> 18 | B45: =VLOOKUP(A45,INputs!$G$3:$O$22,8,FALSE) -> Please fill out Sensitivity Labels Tab | F45: FALSE | G45: People dialing in can bypass the lobby
A47: =A45+1 -> 19 | B47: =VLOOKUP(A47,INputs!$G$3:$O$22,8,FALSE) -> Please fill out Sensitivity Labels Tab | F47: FALSE | G47: People dialing in can bypass the lobby
A49: =A47+1 -> 20 | B49: =VLOOKUP(A49,INputs!$G$3:$O$22,8,FALSE) -> Please fill out Sensitivity Labels Tab | F49: FALSE | G49: People dialing in can bypass the lobby

Sheet Groups & Sites
C1: Groups & Sites
C3: Label/Sub-Label Name: | E3: Define protection settings for groups and sites: | H3: Define privacy and external user access settings: | K3: External sharing and Conditional Access: | N3: External sharing: | P3: Conditional Access: | S3: Private teams discoverability and shared channel controls:
A4: Explanation | C4: Select the label/Sub-Label that these settings will be used for. | E4: These settings apply to teams, groups, and sites that have this label applied. They don't apply directly to the files stored in those containers. | H4: Control the level of access that internal and external users will have to labeled teams and Microsoft 365 Groups. These options apply to all Microsoft 365 Groups and teams that have this label applied. When applied, these settings will replace any existing privacy settings for the team or group. If the label is removed, users can change it again. | K4: Control who can share SharePoint content with people outside your organization and decide whether users can access labeled sites from unmanaged devices.​ | N4: When this label is applied to a SharePoint site, these settings will replace existing external sharing settings configured for the site. | P4: You can either control the level of access users have from unmanaged devices or select an existing authentication context to enforce restrictions. | S4: Decide whether labeled private teams will be discoverable in searches, and control how channels can be shared with other teams.
A5: Links | C5: Use sensitivity labels to protect content in Microsoft Teams, Microsoft 365 groups, and SharePoint sites | S5: Private teams discoverability and shared channel controls
E10: Select check box as needed | I10: Choose from Drop Down | L10: Select check box as needed | Q10: Select check box as needed | S10: Select check box as needed
A13: 1 | B13: =A13+10 -> 11 | C13: =VLOOKUP(A13,INputs!$G$3:$O$22,9,FALSE) -> Please fill out Sensitivity Labels Tab | E13: FALSE | F13: Privacy and external user access | K13: FALSE | L13: Content can be shared with | N13: Content can be shared with: | P13: Use Microsoft Entra Conditional Access to protect labeled SharePoint sites | S13: Private team discoverability
B14: =B13+1 -> 12 | E14: FALSE | F14: External sharing and Conditional Access | I14: Select check box as needed | K14: FALSE | L14: Use Microsoft Entra Conditional Access to protect labeled SharePoint sites | N14: Choose from Drop Down | P14: FALSE | Q14: Determine whether users can access SharePoint sites from unmanaged Devices | S14: FALSE | T14: Allow users to discover private teams that have this label applied.
B15: =B14+1 -> 13 | E15: FALSE | F15: Private teams discoverability and shared channel settings | H15: FALSE | I15: Let Microsoft 365 Group owners add people outside your organization to the group as guests. | S15: Teams shared channels
B16: =B15+1 -> 14 | P16: FALSE | Q16: Choose an existing authentication context. | S16: FALSE | T16: Internal Only
B17: =B16+1 -> 15 | Q17: Enter Text | S17: FALSE | T17: Same label only
B18: =B17+1 -> 16 | S18: FALSE | T18: Private teams only
A22: =A13+1 -> 2 | B22: =B13+10 -> 21 | C22: =VLOOKUP(A22,INputs!$G$3:$O$22,9,FALSE) -> Please fill out Sensitivity Labels Tab | E22: FALSE | F22: Privacy and external user access | K22: FALSE | L22: Content can be shared with | N22: Content can be shared with: | P22: Use Microsoft Entra Conditional Access to protect labeled SharePoint sites | S22: Private team discoverability
B23: =B22+1 -> 22 | E23: FALSE | F23: External sharing and Conditional Access | I23: Select check box as needed | K23: FALSE | L23: Use Microsoft Entra Conditional Access to protect labeled SharePoint sites | N23: Choose from Drop Down | P23: FALSE | Q23: Determine whether users can access SharePoint sites from unmanaged Devices | S23: FALSE | T23: Allow users to discover private teams that have this label applied.
B24: =B23+1 -> 23 | E24: FALSE | F24: Private teams discoverability and shared channel settings | H24: FALSE | I24: Let Microsoft 365 Group owners add people outside your organization to the group as guests. | S24: Teams shared channels
B25: =B24+1 -> 24 | P25: FALSE | Q25: Choose an existing authentication context. | S25: FALSE | T25: Internal Only
B26: =B25+1 -> 25 | Q26: Enter Text | S26: FALSE | T26: Same label only
B27: =B26+1 -> 26 | S27: FALSE | T27: Private teams only
A31: =A22+1 -> 3 | B31: =B22+10 -> 31 | C31: =VLOOKUP(A31,INputs!$G$3:$O$22,9,FALSE) -> Please fill out Sensitivity Labels Tab | E31: FALSE | F31: Privacy and external user access | K31: FALSE | L31: Content can be shared with | N31: Content can be shared with: | P31: Use Microsoft Entra Conditional Access to protect labeled SharePoint sites | S31: Private team discoverability
B32: =B31+1 -> 32 | E32: FALSE | F32: External sharing and Conditional Access | I32: Select check box as needed | K32: FALSE | L32: Use Microsoft Entra Conditional Access to protect labeled SharePoint sites | N32: Choose from Drop Down | P32: FALSE | Q32: Determine whether users can access SharePoint sites from unmanaged Devices | S32: FALSE | T32: Allow users to discover private teams that have this label applied.
B33: =B32+1 -> 33 | E33: FALSE | F33: Private teams discoverability and shared channel settings | H33: FALSE | I33: Let Microsoft 365 Group owners add people outside your organization to the group as guests. | S33: Teams shared channels
B34: =B33+1 -> 34 | P34: FALSE | Q34: Choose an existing authentication context. | S34: FALSE | T34: Internal Only
B35: =B34+1 -> 35 | Q35: Enter Text | S35: FALSE | T35: Same label only
B36: =B35+1 -> 36 | S36: FALSE | T36: Private teams only
A40: =A31+1 -> 4 | B40: =B31+10 -> 41 | C40: =VLOOKUP(A40,INputs!$G$3:$O$22,9,FALSE) -> Please fill out Sensitivity Labels Tab | E40: FALSE | F40: Privacy and external user access | K40: FALSE | L40: Content can be shared with | N40: Content can be shared with: | P40: Use Microsoft Entra Conditional Access to protect labeled SharePoint sites | S40: Private team discoverability
B41: =B40+1 -> 42 | E41: FALSE | F41: External sharing and Conditional Access | I41: Select check box as needed | K41: FALSE | L41: Use Microsoft Entra Conditional Access to protect labeled SharePoint sites | N41: Choose from Drop Down | P41: FALSE | Q41: Determine whether users can access SharePoint sites from unmanaged Devices | S41: FALSE | T41: Allow users to discover private teams that have this label applied.
B42: =B41+1 -> 43 | E42: FALSE | F42: Private teams discoverability and shared channel settings | H42: FALSE | I42: Let Microsoft 365 Group owners add people outside your organization to the group as guests. | S42: Teams shared channels
B43: =B42+1 -> 44 | P43: FALSE | Q43: Choose an existing authentication context. | S43: FALSE | T43: Internal Only
B44: =B43+1 -> 45 | Q44: Enter Text | S44: FALSE | T44: Same label only
B45: =B44+1 -> 46 | S45: FALSE | T45: Private teams only
A49: =A40+1 -> 5 | B49: =B40+10 -> 51 | C49: =VLOOKUP(A49,INputs!$G$3:$O$22,9,FALSE) -> Please fill out Sensitivity Labels Tab | E49: FALSE | F49: Privacy and external user access | K49: FALSE | L49: Content can be shared with | N49: Content can be shared with: | P49: Use Microsoft Entra Conditional Access to protect labeled SharePoint sites | S49: Private team discoverability
B50: =B49+1 -> 52 | E50: FALSE | F50: External sharing and Conditional Access | I50: Select check box as needed | K50: FALSE | L50: Use Microsoft Entra Conditional Access to protect labeled SharePoint sites | N50: Choose from Drop Down | P50: FALSE | Q50: Determine whether users can access SharePoint sites from unmanaged Devices | S50: FALSE | T50: Allow users to discover private teams that have this label applied.
B51: =B50+1 -> 53 | E51: FALSE | F51: Private teams discoverability and shared channel settings | H51: FALSE | I51: Let Microsoft 365 Group owners add people outside your organization to the group as guests. | S51: Teams shared channels
B52: =B51+1 -> 54 | P52: FALSE | Q52: Choose an existing authentication context. | S52: FALSE | T52: Internal Only
B53: =B52+1 -> 55 | Q53: Enter Text | S53: FALSE | T53: Same label only
B54: =B53+1 -> 56 | S54: FALSE | T54: Private teams only
A58: =A49+1 -> 6 | B58: =B49+10 -> 61 | C58: =VLOOKUP(A58,INputs!$G$3:$O$22,9,FALSE) -> Please fill out Sensitivity Labels Tab | E58: FALSE | F58: Privacy and external user access | K58: FALSE | L58: Content can be shared with | N58: Content can be shared with: | P58: Use Microsoft Entra Conditional Access to protect labeled SharePoint sites | S58: Private team discoverability
B59: =B58+1 -> 62 | E59: FALSE | F59: External sharing and Conditional Access | I59: Select check box as needed | K59: FALSE | L59: Use Microsoft Entra Conditional Access to protect labeled SharePoint sites | N59: Choose from Drop Down | P59: FALSE | Q59: Determine whether users can access SharePoint sites from unmanaged Devices | S59: FALSE | T59: Allow users to discover private teams that have this label applied.
B60: =B59+1 -> 63 | E60: FALSE | F60: Private teams discoverability and shared channel settings | H60: FALSE | I60: Let Microsoft 365 Group owners add people outside your organization to the group as guests. | S60: Teams shared channels
B61: =B60+1 -> 64 | P61: FALSE | Q61: Choose an existing authentication context. | S61: FALSE | T61: Internal Only
B62: =B61+1 -> 65 | Q62: Enter Text | S62: FALSE | T62: Same label only
B63: =B62+1 -> 66 | S63: FALSE | T63: Private teams only
A67: =A58+1 -> 7 | B67: =B58+10 -> 71 | C67: =VLOOKUP(A67,INputs!$G$3:$O$22,9,FALSE) -> Please fill out Sensitivity Labels Tab | E67: FALSE | F67: Privacy and external user access | H67: None | K67: FALSE | L67: Content can be shared with | N67: Content can be shared with: | P67: Use Microsoft Entra Conditional Access to protect labeled SharePoint sites | S67: Private team discoverability
B68: =B67+1 -> 72 | E68: FALSE | F68: External sharing and Conditional Access | I68: Select check box as needed | K68: FALSE | L68: Use Microsoft Entra Conditional Access to protect labeled SharePoint sites | N68: Choose from Drop Down | P68: FALSE | Q68: Determine whether users can access SharePoint sites from unmanaged Devices | S68: FALSE | T68: Allow users to discover private teams that have this label applied.
B69: =B68+1 -> 73 | E69: FALSE | F69: Private teams discoverability and shared channel settings | H69: FALSE | I69: Let Microsoft 365 Group owners add people outside your organization to the group as guests. | S69: Teams shared channels
B70: =B69+1 -> 74 | P70: FALSE | Q70: Choose an existing authentication context. | S70: FALSE | T70: Internal Only
B71: =B70+1 -> 75 | Q71: Enter Text | S71: FALSE | T71: Same label only
B72: =B71+1 -> 76 | S72: FALSE | T72: Private teams only
A76: =A67+1 -> 8 | B76: =B67+10 -> 81 | C76: =VLOOKUP(A76,INputs!$G$3:$O$22,9,FALSE) -> Please fill out Sensitivity Labels Tab | E76: FALSE | F76: Privacy and external user access | H76: None | K76: FALSE | L76: Content can be shared with | N76: Content can be shared with: | P76: Use Microsoft Entra Conditional Access to protect labeled SharePoint sites | S76: Private team discoverability
B77: =B76+1 -> 82 | E77: FALSE | F77: External sharing and Conditional Access | I77: Select check box as needed | K77: FALSE | L77: Use Microsoft Entra Conditional Access to protect labeled SharePoint sites | N77: Choose from Drop Down | P77: FALSE | Q77: Determine whether users can access SharePoint sites from unmanaged Devices | S77: FALSE | T77: Allow users to discover private teams that have this label applied.
B78: =B77+1 -> 83 | E78: FALSE | F78: Private teams discoverability and shared channel settings | H78: FALSE | I78: Let Microsoft 365 Group owners add people outside your organization to the group as guests. | S78: Teams shared channels
B79: =B78+1 -> 84 | P79: FALSE | Q79: Choose an existing authentication context. | S79: FALSE | T79: Internal Only
B80: =B79+1 -> 85 | Q80: Enter Text | S80: FALSE | T80: Same label only
B81: =B80+1 -> 86 | S81: FALSE | T81: Private teams only
A85: =A76+1 -> 9 | B85: =B76+10 -> 91 | C85: =VLOOKUP(A85,INputs!$G$3:$O$22,9,FALSE) -> Please fill out Sensitivity Labels Tab | E85: FALSE | F85: Privacy and external user access | H85: None | K85: FALSE | L85: Content can be shared with | N85: Content can be shared with: | P85: Use Microsoft Entra Conditional Access to protect labeled SharePoint sites | S85: Private team discoverability
B86: =B85+1 -> 92 | E86: FALSE | F86: External sharing and Conditional Access | I86: Select check box as needed | K86: FALSE | L86: Use Microsoft Entra Conditional Access to protect labeled SharePoint sites | N86: Choose from Drop Down | P86: FALSE | Q86: Determine whether users can access SharePoint sites from unmanaged Devices | S86: FALSE | T86: Allow users to discover private teams that have this label applied.
B87: =B86+1 -> 93 | E87: FALSE | F87: Private teams discoverability and shared channel settings | H87: FALSE | I87: Let Microsoft 365 Group owners add people outside your organization to the group as guests. | S87: Teams shared channels
B88: =B87+1 -> 94 | P88: FALSE | Q88: Choose an existing authentication context. | S88: FALSE | T88: Internal Only
B89: =B88+1 -> 95 | Q89: Enter Text | S89: FALSE | T89: Same label only
B90: =B89+1 -> 96 | S90: FALSE | T90: Private teams only
A94: =A85+1 -> 10 | B94: =B85+10 -> 101 | C94: =VLOOKUP(A94,INputs!$G$3:$O$22,9,FALSE) -> Please fill out Sensitivity Labels Tab | E94: FALSE | F94: Privacy and external user access | K94: FALSE | L94: Content can be shared with | N94: Content can be shared with: | P94: Use Microsoft Entra Conditional Access to protect labeled SharePoint sites | S94: Private team discoverability
B95: =B94+1 -> 102 | E95: FALSE | F95: External sharing and Conditional Access | I95: Select check box as needed | K95: FALSE | L95: Use Microsoft Entra Conditional Access to protect labeled SharePoint sites | N95: Choose from Drop Down | P95: FALSE | Q95: Determine whether users can access SharePoint sites from unmanaged Devices | S95: FALSE | T95: Allow users to discover private teams that have this label applied.
B96: =B95+1 -> 103 | E96: FALSE | F96: Private teams discoverability and shared channel settings | H96: FALSE | I96: Let Microsoft 365 Group owners add people outside your organization to the group as guests. | S96: Teams shared channels
B97: =B96+1 -> 104 | P97: FALSE | Q97: Choose an existing authentication context. | S97: FALSE | T97: Internal Only
B98: =B97+1 -> 105 | Q98: Enter Text | S98: FALSE | T98: Same label only
B99: =B98+1 -> 106 | S99: FALSE | T99: Private teams only
A103: =A94+1 -> 11 | B103: =B94+10 -> 111 | C103: =VLOOKUP(A103,INputs!$G$3:$O$22,9,FALSE) -> Please fill out Sensitivity Labels Tab | E103: FALSE | F103: Privacy and external user access | K103: FALSE | L103: Content can be shared with | N103: Content can be shared with: | P103: Use Microsoft Entra Conditional Access to protect labeled SharePoint sites | S103: Private team discoverability
B104: =B103+1 -> 112 | E104: FALSE | F104: External sharing and Conditional Access | I104: Select check box as needed | K104: FALSE | L104: Use Microsoft Entra Conditional Access to protect labeled SharePoint sites | N104: Choose from Drop Down | P104: FALSE | Q104: Determine whether users can access SharePoint sites from unmanaged Devices | S104: FALSE | T104: Allow users to discover private teams that have this label applied.
B105: =B104+1 -> 113 | E105: FALSE | F105: Private teams discoverability and shared channel settings | H105: FALSE | I105: Let Microsoft 365 Group owners add people outside your organization to the group as guests. | S105: Teams shared channels
B106: =B105+1 -> 114 | P106: FALSE | Q106: Choose an existing authentication context. | S106: FALSE | T106: Internal Only
B107: =B106+1 -> 115 | Q107: Enter Text | S107: FALSE | T107: Same label only
B108: =B107+1 -> 116 | S108: FALSE | T108: Private teams only
A112: =A103+1 -> 12 | B112: =B103+10 -> 121 | C112: =VLOOKUP(A112,INputs!$G$3:$O$22,9,FALSE) -> Please fill out Sensitivity Labels Tab | E112: FALSE | F112: Privacy and external user access | K112: FALSE | L112: Content can be shared with | N112: Content can be shared with: | P112: Use Microsoft Entra Conditional Access to protect labeled SharePoint sites | S112: Private team discoverability
B113: =B112+1 -> 122 | E113: FALSE | F113: External sharing and Conditional Access | I113: Select check box as needed | K113: FALSE | L113: Use Microsoft Entra Conditional Access to protect labeled SharePoint sites | N113: Choose from Drop Down | P113: FALSE | Q113: Determine whether users can access SharePoint sites from unmanaged Devices | S113: FALSE | T113: Allow users to discover private teams that have this label applied.
B114: =B113+1 -> 123 | E114: FALSE | F114: Private teams discoverability and shared channel settings | H114: FALSE | I114: Let Microsoft 365 Group owners add people outside your organization to the group as guests. | S114: Teams shared channels
B115: =B114+1 -> 124 | P115: FALSE | Q115: Choose an existing authentication context. | S115: FALSE | T115: Internal Only
B116: =B115+1 -> 125 | Q116: Enter Text | S116: FALSE | T116: Same label only
B117: =B116+1 -> 126 | S117: FALSE | T117: Private teams only
A121: =A112+1 -> 13 | B121: =B112+10 -> 131 | C121: =VLOOKUP(A121,INputs!$G$3:$O$22,9,FALSE) -> Please fill out Sensitivity Labels Tab | E121: FALSE | F121: Privacy and external user access | K121: FALSE | L121: Content can be shared with | N121: Content can be shared with: | P121: Use Microsoft Entra Conditional Access to protect labeled SharePoint sites | S121: Private team discoverability
B122: =B121+1 -> 132 | E122: FALSE | F122: External sharing and Conditional Access | I122: Select check box as needed | K122: FALSE | L122: Use Microsoft Entra Conditional Access to protect labeled SharePoint sites | N122: Choose from Drop Down | P122: FALSE | Q122: Determine whether users can access SharePoint sites from unmanaged Devices | S122: FALSE | T122: Allow users to discover private teams that have this label applied.
B123: =B122+1 -> 133 | E123: FALSE | F123: Private teams discoverability and shared channel settings | H123: FALSE | I123: Let Microsoft 365 Group owners add people outside your organization to the group as guests. | S123: Teams shared channels
B124: =B123+1 -> 134 | P124: FALSE | Q124: Choose an existing authentication context. | S124: FALSE | T124: Internal Only
B125: =B124+1 -> 135 | Q125: Enter Text | S125: FALSE | T125: Same label only
B126: =B125+1 -> 136 | S126: FALSE | T126: Private teams only
A130: =A121+1 -> 14 | B130: =B121+10 -> 141 | C130: =VLOOKUP(A130,INputs!$G$3:$O$22,9,FALSE) -> Please fill out Sensitivity Labels Tab | E130: FALSE | F130: Privacy and external user access | K130: FALSE | L130: Content can be shared with | N130: Content can be shared with: | P130: Use Microsoft Entra Conditional Access to protect labeled SharePoint sites | S130: Private team discoverability
B131: =B130+1 -> 142 | E131: FALSE | F131: External sharing and Conditional Access | I131: Select check box as needed | K131: FALSE | L131: Use Microsoft Entra Conditional Access to protect labeled SharePoint sites | N131: Choose from Drop Down | P131: FALSE | Q131: Determine whether users can access SharePoint sites from unmanaged Devices | S131: FALSE | T131: Allow users to discover private teams that have this label applied.
B132: =B131+1 -> 143 | E132: FALSE | F132: Private teams discoverability and shared channel settings | H132: FALSE | I132: Let Microsoft 365 Group owners add people outside your organization to the group as guests. | S132: Teams shared channels
B133: =B132+1 -> 144 | P133: FALSE | Q133: Choose an existing authentication context. | S133: FALSE | T133: Internal Only
B134: =B133+1 -> 145 | Q134: Enter Text | S134: FALSE | T134: Same label only
B135: =B134+1 -> 146 | S135: FALSE | T135: Private teams only
A139: =A130+1 -> 15 | B139: =B130+10 -> 151 | C139: =VLOOKUP(A139,INputs!$G$3:$O$22,9,FALSE) -> Please fill out Sensitivity Labels Tab | E139: FALSE | F139: Privacy and external user access | K139: FALSE | L139: Content can be shared with | N139: Content can be shared with: | P139: Use Microsoft Entra Conditional Access to protect labeled SharePoint sites | S139: Private team discoverability
B140: =B139+1 -> 152 | E140: FALSE | F140: External sharing and Conditional Access | I140: Select check box as needed | K140: FALSE | L140: Use Microsoft Entra Conditional Access to protect labeled SharePoint sites | N140: Choose from Drop Down | P140: FALSE | Q140: Determine whether users can access SharePoint sites from unmanaged Devices | S140: FALSE | T140: Allow users to discover private teams that have this label applied.
B141: =B140+1 -> 153 | E141: FALSE | F141: Private teams discoverability and shared channel settings | H141: FALSE | I141: Let Microsoft 365 Group owners add people outside your organization to the group as guests. | S141: Teams shared channels
B142: =B141+1 -> 154 | P142: FALSE | Q142: Choose an existing authentication context. | S142: FALSE | T142: Internal Only
B143: =B142+1 -> 155 | Q143: Enter Text | S143: FALSE | T143: Same label only
B144: =B143+1 -> 156 | S144: FALSE | T144: Private teams only
A148: =A139+1 -> 16 | B148: =B139+10 -> 161 | C148: =VLOOKUP(A148,INputs!$G$3:$O$22,9,FALSE) -> Please fill out Sensitivity Labels Tab | E148: FALSE | F148: Privacy and external user access | K148: FALSE | L148: Content can be shared with | N148: Content can be shared with: | P148: Use Microsoft Entra Conditional Access to protect labeled SharePoint sites | S148: Private team discoverability
B149: =B148+1 -> 162 | E149: FALSE | F149: External sharing and Conditional Access | I149: Select check box as needed | K149: FALSE | L149: Use Microsoft Entra Conditional Access to protect labeled SharePoint sites | N149: Choose from Drop Down | P149: FALSE | Q149: Determine whether users can access SharePoint sites from unmanaged Devices | S149: FALSE | T149: Allow users to discover private teams that have this label applied.
B150: =B149+1 -> 163 | E150: FALSE | F150: Private teams discoverability and shared channel settings | H150: FALSE | I150: Let Microsoft 365 Group owners add people outside your organization to the group as guests. | N150: Anyone | S150: Teams shared channels
B151: =B150+1 -> 164 | P151: FALSE | Q151: Choose an existing authentication context. | S151: FALSE | T151: Internal Only
B152: =B151+1 -> 165 | Q152: Enter Text | S152: FALSE | T152: Same label only
...

Sheet Summary
B2: Sensitivity Labels | J2: Emails, Files, & Other Data Assets (Object Based Labeling Functionality) | P2: Teams meetings and chats | Q2: Groups & Sites (Container Based Labeling)
B3: Label/Parent Label/Label Group/Sub-Label: | C3: Name: | D3: Display Name: | E3: Scope: | G3: Description for users: | H3: Description for admins: | I3: Label Color: | P3: Teams meetings and chats settings: | Q3: Define privacy and external user access settings: | S3: External sharing and Conditional Access: | U3: Private teams discoverability and shared channel controls:
A4: Explanation | B4: This is pulled directly from the same section in the "Sensitivity Labels" tab. | D4: This is pulled directly from the same section in the "Sensitivity Labels" tab. The reason we decided to do "Display Name" instead of "Name" is because that is what End-Users will see and what most decision makers care about. | E4: This is pulled directly from the same section in the "Sensitivity Labels" tab. | G4: This is pulled directly from the same section in the "Sensitivity Labels" tab. The reason we decided to do "Description for users" instead of "Description for Admins" is because that is what End-Users will see and what most decision makers care about. | I4: This is pulled directly from the same section in the "Sensitivity Labels" tab. | J4: This is pulled directly from the "Emails, Files, & Other Data" tab. Access Control: Under "Assign" if the "Assign Permissions now" box or "Let users assign permissions when they apply the label" box is selected then it will be "Encrypted". If "Remove access control settings if already applied to items" box is selected under "Remove or Configure" then it will be "Remove Encryption". If neither is selected, then it will be "No Encryption". Content Marking: Under “Content Marking” if “Add a watermark”, “Add a header”, and or “Add a footer” boxes are selected then the answer will be “Yes”. Auto-labeling for files and emails: "Client-side Auto-Labeling": Under the section of the “same name” if “Auto-labeling for files and emails” box is selected then the answer will be “Yes”. | P4: This is pulled directly from the "Scope" section in the "Sensitivity Labels" tab. If you selected the "Meetings" box under "Scope" in the "Sensitivity Labels" tab then this is will "Yes" in not, then it will be "No". | Q4: This is pulled directly from the "Define privacy and external user access settings" section in the "Groups & Sites" tab. Privacy and external user access: If you select "Public" or "Private" it will be "Yes" If you Select "None" or leave "Blank" it will be "No". Let Microsoft 365 Group owners add people outside your organization to the group as guests: If you select the box of the "Same" name it will be "Yes" otherwise it will be "No". | S4: This is pulled directly from the "External sharing and Conditional Access" section in the "Groups & Sites" tab. Content can be shared with: If you select the box of the "Same" name it will be "Yes" otherwise it will be "No". Use Microsoft Entra Conditional Access to protect labeled SharePoint sites: If you select the box of the "Same" name it will be "Yes" otherwise it will be "No". | U4: This is pulled directly from the "Private teams discoverability and shared channel controls" section in the "Groups & Sites" tab. Allow users to discover private teams that have this label applied: If you select the box of the "Same" name it will be "Yes" otherwise it will be "No". Teams shared channels: If you selected any "boxes" under "this" section the answer will be "Yes" otherwise it will be "No".
C6: This tab is used to look up any Sensitivity Labels, Publishing Policies, Service-Side Auto-Labeling Policies, and or Data Loss Prevention (DLP) policies you have.
A8: Links
A11: 1 | B11: ='Sensitivity Labels'!C11 -> 0 | C11: ='Sensitivity Labels'!D11 -> 0 | D11: ='Sensitivity Labels'!E11 -> 0 | E11: ='Sensitivity Labels'!F11 -> FALSE | F11: ='Sensitivity Labels'!G11 -> Files & Other Data assets | G11: ='Sensitivity Labels'!I11 -> 0 | H11: ='Sensitivity Labels'!J11 -> 0 | I11: ='Sensitivity Labels'!K11 -> 0 | J11: =IF(OR(M11=TRUE,M12=TRUE),"Encryption",(IF(K11=TRUE,"Remove Encryption","No Encryption"))) -> No Encryption | K11: ='Emails, Files, & Other Data'!H12 -> FALSE | L11: ='Emails, Files, & Other Data'!I12 -> Remove access control settings if already applied to items | M11: ='Emails, Files, & Other Data'!J12 -> FALSE | N11: ='Emails, Files, & Other Data'!K12 -> Assign Permissions now | O11: Access Control | P11: =IF(E13=TRUE,"Yes","No") -> No | Q11: =IF(OR('Groups & Sites'!H13=INputs!AN$3,'Groups & Sites'!H13=INputs!AN$4),"Yes","No") -> No | R11: ='Groups & Sites'!F13 -> Privacy and external user access | S11: =IF('Groups & Sites'!K13=TRUE,"Yes","No") -> No | T11: ='Groups & Sites'!L13 -> Content can be shared with | U11: =IF('Groups & Sites'!S14=TRUE,"Yes","No") -> No | V11: ='Groups & Sites'!T14 -> Allow users to discover private teams that have this label applied.
E12: ='Sensitivity Labels'!F13 -> FALSE | F12: ='Sensitivity Labels'!G13 -> Emails | J12: =IF(OR('Emails, Files, & Other Data'!X12=TRUE,'Emails, Files, & Other Data'!X13=TRUE,'Emails, Files, & Other Data'!X14=TRUE),"Yes","No") -> No | M12: ='Emails, Files, & Other Data'!J13 -> FALSE | N12: ='Emails, Files, & Other Data'!K13 -> Let users assign permissions when they apply the label | O12: Content Marking
E13: ='Sensitivity Labels'!F15 -> FALSE | F13: ='Sensitivity Labels'!G15 -> Meetings | J13: =IF('Emails, Files, & Other Data'!AB12=TRUE,"Yes","No") -> No | O13: Auto-labeling for files and emails: "Client-side Auto-Labeling" | Q13: =IF('Groups & Sites'!H15=TRUE,"Yes","No") -> No | R13: ='Groups & Sites'!I15 -> Let Microsoft 365 Group owners add people outside your organization to the group as guests. | S13: =IF('Groups & Sites'!K14=TRUE,"Yes","No") -> No | T13: ='Groups & Sites'!L14 -> Use Microsoft Entra Conditional Access to protect labeled SharePoint sites | U13: =IF(OR('Groups & Sites'!S16=TRUE,'Groups & Sites'!S17=TRUE,'Groups & Sites'!S18=TRUE),"Yes","No") -> No | V13: ='Groups & Sites'!S15 -> Teams shared channels
E14: ='Sensitivity Labels'!F17 -> FALSE | F14: ='Sensitivity Labels'!G17 -> Groups & Sites
A15: =A11+1 -> 2 | B15: ='Sensitivity Labels'!C19 -> 0 | C15: ='Sensitivity Labels'!D19 -> 0 | D15: ='Sensitivity Labels'!E19 -> 0 | E15: ='Sensitivity Labels'!F19 -> FALSE | F15: ='Sensitivity Labels'!G19 -> Files & Other Data assets | G15: ='Sensitivity Labels'!I19 -> 0 | H15: ='Sensitivity Labels'!J19 -> 0 | I15: ='Sensitivity Labels'!K19 -> 0 | J15: =IF(OR(M15=TRUE,M16=TRUE),"Encryption",(IF(K15=TRUE,"Remove Encryption","No Encryption"))) -> No Encryption | K15: ='Emails, Files, & Other Data'!H24 -> FALSE | L15: =L11 -> Remove access control settings if already applied to items | M15: ='Emails, Files, & Other Data'!J24 -> FALSE | N15: =N11 -> Assign Permissions now | O15: =O$11 -> Access Control | P15: =IF(E17=TRUE,"Yes","No") -> No | Q15: =IF(OR('Groups & Sites'!H22=INputs!AN$3,'Groups & Sites'!H22=INputs!AN$4),"Yes","No") -> No | R15: =R$11 -> Privacy and external user access | S15: =IF('Groups & Sites'!K22=TRUE,"Yes","No") -> No | T15: =T$11 -> Content can be shared with | U15: =IF('Groups & Sites'!S23=TRUE,"Yes","No") -> No | V15: =V$11 -> Allow users to discover private teams that have this label applied.
E16: ='Sensitivity Labels'!F21 -> FALSE | F16: ='Sensitivity Labels'!G21 -> Emails | J16: =IF(OR('Emails, Files, & Other Data'!X24=TRUE,'Emails, Files, & Other Data'!X25=TRUE,'Emails, Files, & Other Data'!X26=TRUE),"Yes","No") -> No | M16: ='Emails, Files, & Other Data'!J25 -> FALSE | N16: =N12 -> Let users assign permissions when they apply the label | O16: =O$12 -> Content Marking
E17: ='Sensitivity Labels'!F23 -> FALSE | F17: ='Sensitivity Labels'!G23 -> Meetings | J17: =IF('Emails, Files, & Other Data'!AB24=TRUE,"Yes","No") -> No | O17: =O$13 -> Auto-labeling for files and emails: "Client-side Auto-Labeling" | Q17: =IF('Groups & Sites'!H24=TRUE,"Yes","No") -> No | R17: =R$13 -> Let Microsoft 365 Group owners add people outside your organization to the group as guests. | S17: =IF('Groups & Sites'!K23=TRUE,"Yes","No") -> No | T17: =T$13 -> Use Microsoft Entra Conditional Access to protect labeled SharePoint sites | U17: =IF(OR('Groups & Sites'!S25=TRUE,'Groups & Sites'!S26=TRUE,'Groups & Sites'!S27=TRUE),"Yes","No") -> No | V17: =V$13 -> Teams shared channels
E18: ='Sensitivity Labels'!F25 -> FALSE | F18: ='Sensitivity Labels'!G25 -> Groups & Sites
A19: =A15+1 -> 3 | B19: ='Sensitivity Labels'!C27 -> 0 | C19: ='Sensitivity Labels'!D27 -> 0 | D19: ='Sensitivity Labels'!E27 -> 0 | E19: ='Sensitivity Labels'!F27 -> FALSE | F19: ='Sensitivity Labels'!G27 -> Files & Other Data assets | G19: ='Sensitivity Labels'!I27 -> 0 | H19: ='Sensitivity Labels'!J27 -> 0 | I19: ='Sensitivity Labels'!K27 -> 0 | J19: =IF(OR(M19=TRUE,M20=TRUE),"Encryption",(IF(K19=TRUE,"Remove Encryption","No Encryption"))) -> No Encryption | K19: ='Emails, Files, & Other Data'!H36 -> FALSE | L19: =L15 -> Remove access control settings if already applied to items | M19: ='Emails, Files, & Other Data'!J36 -> FALSE | N19: =N15 -> Assign Permissions now | O19: =O$11 -> Access Control | P19: =IF(E21=TRUE,"Yes","No") -> No | Q19: =IF(OR('Groups & Sites'!H31=INputs!AN$3,'Groups & Sites'!H31=INputs!AN$4),"Yes","No") -> No | R19: =R$11 -> Privacy and external user access | S19: =IF('Groups & Sites'!K31=TRUE,"Yes","No") -> No | T19: =T$11 -> Content can be shared with | U19: =IF('Groups & Sites'!S32=TRUE,"Yes","No") -> No | V19: =V$11 -> Allow users to discover private teams that have this label applied.
E20: ='Sensitivity Labels'!F29 -> FALSE | F20: ='Sensitivity Labels'!G29 -> Emails | J20: =IF(OR('Emails, Files, & Other Data'!X36=TRUE,'Emails, Files, & Other Data'!X37=TRUE,'Emails, Files, & Other Data'!X38=TRUE),"Yes","No") -> No | M20: ='Emails, Files, & Other Data'!J37 -> FALSE | N20: =N16 -> Let users assign permissions when they apply the label | O20: =O$12 -> Content Marking
E21: ='Sensitivity Labels'!F31 -> FALSE | F21: ='Sensitivity Labels'!G31 -> Meetings | J21: =IF('Emails, Files, & Other Data'!AB36=TRUE,"Yes","No") -> No | O21: =O$13 -> Auto-labeling for files and emails: "Client-side Auto-Labeling" | Q21: =IF('Groups & Sites'!H33=TRUE,"Yes","No") -> No | R21: =R$13 -> Let Microsoft 365 Group owners add people outside your organization to the group as guests. | S21: =IF('Groups & Sites'!K32=TRUE,"Yes","No") -> No | T21: =T$13 -> Use Microsoft Entra Conditional Access to protect labeled SharePoint sites | U21: =IF(OR('Groups & Sites'!S34=TRUE,'Groups & Sites'!S35=TRUE,'Groups & Sites'!S36=TRUE),"Yes","No") -> No | V21: =V$13 -> Teams shared channels
E22: ='Sensitivity Labels'!F33 -> FALSE | F22: ='Sensitivity Labels'!G33 -> Groups & Sites
A23: =A19+1 -> 4 | B23: ='Sensitivity Labels'!C35 -> 0 | C23: ='Sensitivity Labels'!D35 -> 0 | D23: ='Sensitivity Labels'!E35 -> 0 | E23: ='Sensitivity Labels'!F35 -> FALSE | F23: ='Sensitivity Labels'!G35 -> Files & Other Data assets | G23: ='Sensitivity Labels'!I35 -> 0 | H23: ='Sensitivity Labels'!J35 -> 0 | I23: ='Sensitivity Labels'!K35 -> 0 | J23: =IF(OR(M23=TRUE,M24=TRUE),"Encryption",(IF(K23=TRUE,"Remove Encryption","No Encryption"))) -> No Encryption | K23: ='Emails, Files, & Other Data'!H48 -> FALSE | L23: =L19 -> Remove access control settings if already applied to items | M23: ='Emails, Files, & Other Data'!J48 -> FALSE | N23: =N19 -> Assign Permissions now | O23: =O$11 -> Access Control | P23: =IF(E25=TRUE,"Yes","No") -> No | Q23: =IF(OR('Groups & Sites'!H40=INputs!AN$3,'Groups & Sites'!H40=INputs!AN$4),"Yes","No") -> No | R23: =R$11 -> Privacy and external user access | S23: =IF('Groups & Sites'!K40=TRUE,"Yes","No") -> No | T23: =T$11 -> Content can be shared with | U23: =IF('Groups & Sites'!S41=TRUE,"Yes","No") -> No | V23: =V$11 -> Allow users to discover private teams that have this label applied.
E24: ='Sensitivity Labels'!F37 -> FALSE | F24: ='Sensitivity Labels'!G37 -> Emails | J24: =IF(OR('Emails, Files, & Other Data'!X48=TRUE,'Emails, Files, & Other Data'!X49=TRUE,'Emails, Files, & Other Data'!X50=TRUE),"Yes","No") -> No | M24: ='Emails, Files, & Other Data'!J49 -> FALSE | N24: =N20 -> Let users assign permissions when they apply the label | O24: =O$12 -> Content Marking
E25: ='Sensitivity Labels'!F39 -> FALSE | F25: ='Sensitivity Labels'!G39 -> Meetings | J25: =IF('Emails, Files, & Other Data'!AB48=TRUE,"Yes","No") -> No | O25: =O$13 -> Auto-labeling for files and emails: "Client-side Auto-Labeling" | Q25: =IF('Groups & Sites'!H42=TRUE,"Yes","No") -> No | R25: =R$13 -> Let Microsoft 365 Group owners add people outside your organization to the group as guests. | S25: =IF('Groups & Sites'!K41=TRUE,"Yes","No") -> No | T25: =T$13 -> Use Microsoft Entra Conditional Access to protect labeled SharePoint sites | U25: =IF(OR('Groups & Sites'!S43=TRUE,'Groups & Sites'!S44=TRUE,'Groups & Sites'!S45=TRUE),"Yes","No") -> No | V25: =V$13 -> Teams shared channels
E26: ='Sensitivity Labels'!F41 -> FALSE | F26: ='Sensitivity Labels'!G41 -> Groups & Sites
A27: =A23+1 -> 5 | B27: ='Sensitivity Labels'!C43 -> 0 | C27: ='Sensitivity Labels'!D43 -> 0 | D27: ='Sensitivity Labels'!E43 -> 0 | E27: ='Sensitivity Labels'!F43 -> FALSE | F27: ='Sensitivity Labels'!G43 -> Files & Other Data assets | G27: ='Sensitivity Labels'!I43 -> 0 | H27: ='Sensitivity Labels'!J43 -> 0 | I27: ='Sensitivity Labels'!K43 -> 0 | J27: =IF(OR(M27=TRUE,M28=TRUE),"Encryption",(IF(K27=TRUE,"Remove Encryption","No Encryption"))) -> No Encryption | K27: ='Emails, Files, & Other Data'!H60 -> FALSE | L27: =L23 -> Remove access control settings if already applied to items | M27: ='Emails, Files, & Other Data'!J60 -> FALSE | N27: =N23 -> Assign Permissions now | O27: =O$11 -> Access Control | P27: =IF(E29=TRUE,"Yes","No") -> No | Q27: =IF(OR('Groups & Sites'!H49=INputs!AN$3,'Groups & Sites'!H49=INputs!AN$4),"Yes","No") -> No | R27: =R$11 -> Privacy and external user access | S27: =IF('Groups & Sites'!K49=TRUE,"Yes","No") -> No | T27: =T$11 -> Content can be shared with | U27: =IF('Groups & Sites'!S50=TRUE,"Yes","No") -> No | V27: =V$11 -> Allow users to discover private teams that have this label applied.
E28: ='Sensitivity Labels'!F45 -> FALSE | F28: ='Sensitivity Labels'!G45 -> Emails | J28: =IF(OR('Emails, Files, & Other Data'!X60=TRUE,'Emails, Files, & Other Data'!X61=TRUE,'Emails, Files, & Other Data'!X62=TRUE),"Yes","No") -> No | M28: ='Emails, Files, & Other Data'!J61 -> FALSE | N28: =N24 -> Let users assign permissions when they apply the label | O28: =O$12 -> Content Marking | S28: =IF('Groups & Sites'!K50=TRUE,"Yes","No") -> No | T28: =T$13 -> Use Microsoft Entra Conditional Access to protect labeled SharePoint sites
E29: ='Sensitivity Labels'!F47 -> FALSE | F29: ='Sensitivity Labels'!G47 -> Meetings | J29: =IF('Emails, Files, & Other Data'!AB60=TRUE,"Yes","No") -> No | O29: =O$13 -> Auto-labeling for files and emails: "Client-side Auto-Labeling" | Q29: =IF('Groups & Sites'!H51=TRUE,"Yes","No") -> No | R29: =R$13 -> Let Microsoft 365 Group owners add people outside your organization to the group as guests. | S29: =IF('Groups & Sites'!K51=TRUE,"Yes","No") -> No | T29: =T$13 -> Use Microsoft Entra Conditional Access to protect labeled SharePoint sites | U29: =IF(OR('Groups & Sites'!S52=TRUE,'Groups & Sites'!S53=TRUE,'Groups & Sites'!S54=TRUE),"Yes","No") -> No | V29: =V$13 -> Teams shared channels
E30: ='Sensitivity Labels'!F49 -> FALSE | F30: ='Sensitivity Labels'!G49 -> Groups & Sites | S30: =IF('Groups & Sites'!K52=TRUE,"Yes","No") -> No
A31: =A27+1 -> 6 | B31: ='Sensitivity Labels'!C51 -> 0 | D31: ='Sensitivity Labels'!E51 -> 0 | E31: ='Sensitivity Labels'!F51 -> FALSE | F31: ='Sensitivity Labels'!G51 -> Files & Other Data assets | G31: ='Sensitivity Labels'!I51 -> 0 | H31: ='Sensitivity Labels'!J51 -> 0 | I31: ='Sensitivity Labels'!K51 -> 0 | J31: =IF(OR(M31=TRUE,M32=TRUE),"Encryption",(IF(K31=TRUE,"Remove Encryption","No Encryption"))) -> No Encryption | K31: ='Emails, Files, & Other Data'!H72 -> FALSE | L31: =L27 -> Remove access control settings if already applied to items | M31: ='Emails, Files, & Other Data'!J72 -> FALSE | N31: =N27 -> Assign Permissions now | O31: =O$11 -> Access Control | P31: =IF(E33=TRUE,"Yes","No") -> No | Q31: =IF(OR('Groups & Sites'!H58=INputs!AN$3,'Groups & Sites'!H58=INputs!AN$4),"Yes","No") -> No | R31: =R$11 -> Privacy and external user access | S31: =IF('Groups & Sites'!K58=TRUE,"Yes","No") -> No | T31: =T$11 -> Content can be shared with | U31: =IF('Groups & Sites'!S59=TRUE,"Yes","No") -> No | V31: =V$11 -> Allow users to discover private teams that have this label applied.
B32: ='Sensitivity Labels'!C53 -> 0 | C32: ='Sensitivity Labels'!D53 -> 0 | D32: ='Sensitivity Labels'!E53 -> 0 | E32: ='Sensitivity Labels'!F53 -> FALSE | F32: ='Sensitivity Labels'!G53 -> Emails | J32: =IF(OR('Emails, Files, & Other Data'!X72=TRUE,'Emails, Files, & Other Data'!X73=TRUE,'Emails, Files, & Other Data'!X74=TRUE),"Yes","No") -> No | M32: ='Emails, Files, & Other Data'!J73 -> FALSE | N32: =N28 -> Let users assign permissions when they apply the label | O32: =O$12 -> Content Marking
E33: ='Sensitivity Labels'!F55 -> FALSE | F33: ='Sensitivity Labels'!G55 -> Meetings | J33: =IF('Emails, Files, & Other Data'!AB72=TRUE,"Yes","No") -> No | O33: =O$13 -> Auto-labeling for files and emails: "Client-side Auto-Labeling" | Q33: =IF('Groups & Sites'!H60=TRUE,"Yes","No") -> No | R33: =R$13 -> Let Microsoft 365 Group owners add people outside your organization to the group as guests. | S33: =IF('Groups & Sites'!K59=TRUE,"Yes","No") -> No | T33: =T$13 -> Use Microsoft Entra Conditional Access to protect labeled SharePoint sites | U33: =IF(OR('Groups & Sites'!S61=TRUE,'Groups & Sites'!S62=TRUE,'Groups & Sites'!S63=TRUE),"Yes","No") -> No | V33: =V$13 -> Teams shared channels
E34: ='Sensitivity Labels'!F57 -> FALSE | F34: ='Sensitivity Labels'!G57 -> Groups & Sites
A35: =A31+1 -> 7 | B35: ='Sensitivity Labels'!C59 -> 0 | C35: ='Sensitivity Labels'!D59 -> 0 | D35: ='Sensitivity Labels'!E59 -> 0 | E35: ='Sensitivity Labels'!F59 -> FALSE | F35: ='Sensitivity Labels'!G59 -> Files & Other Data assets | G35: ='Sensitivity Labels'!I59 -> 0 | H35: ='Sensitivity Labels'!J59 -> 0 | I35: ='Sensitivity Labels'!K59 -> 0 | J35: =IF(OR(M35=TRUE,M36=TRUE),"Encryption",(IF(K35=TRUE,"Remove Encryption","No Encryption"))) -> No Encryption | K35: ='Emails, Files, & Other Data'!H84 -> FALSE | L35: =L31 -> Remove access control settings if already applied to items | M35: ='Emails, Files, & Other Data'!J84 -> FALSE | N35: =N31 -> Assign Permissions now | O35: =O$11 -> Access Control | P35: =IF(E37=TRUE,"Yes","No") -> No | Q35: =IF(OR('Groups & Sites'!H67=INputs!AN$3,'Groups & Sites'!H67=INputs!AN$4),"Yes","No") -> No | R35: =R$11 -> Privacy and external user access | S35: =IF('Groups & Sites'!K67=TRUE,"Yes","No") -> No | T35: =T$11 -> Content can be shared with | U35: =IF('Groups & Sites'!S68=TRUE,"Yes","No") -> No | V35: =V$11 -> Allow users to discover private teams that have this label applied.
E36: ='Sensitivity Labels'!F61 -> FALSE | F36: ='Sensitivity Labels'!G61 -> Emails | J36: =IF(OR('Emails, Files, & Other Data'!X84=TRUE,'Emails, Files, & Other Data'!X85=TRUE,'Emails, Files, & Other Data'!X86=TRUE),"Yes","No") -> No | M36: ='Emails, Files, & Other Data'!J85 -> FALSE | N36: =N32 -> Let users assign permissions when they apply the label | O36: =O$12 -> Content Marking
E37: ='Sensitivity Labels'!F63 -> FALSE | F37: ='Sensitivity Labels'!G63 -> Meetings | J37: =IF('Emails, Files, & Other Data'!AB84=TRUE,"Yes","No") -> No | O37: =O$13 -> Auto-labeling for files and emails: "Client-side Auto-Labeling" | Q37: =IF('Groups & Sites'!H69=TRUE,"Yes","No") -> No | R37: =R$13 -> Let Microsoft 365 Group owners add people outside your organization to the group as guests. | S37: =IF('Groups & Sites'!K68=TRUE,"Yes","No") -> No | T37: =T$13 -> Use Microsoft Entra Conditional Access to protect labeled SharePoint sites | U37: =IF(OR('Groups & Sites'!S70=TRUE,'Groups & Sites'!S71=TRUE,'Groups & Sites'!S72=TRUE),"Yes","No") -> No | V37: =V$13 -> Teams shared channels
E38: ='Sensitivity Labels'!F65 -> FALSE | F38: ='Sensitivity Labels'!G65 -> Groups & Sites
A39: =A35+1 -> 8 | B39: ='Sensitivity Labels'!C67 -> 0 | C39: ='Sensitivity Labels'!D67 -> 0 | D39: ='Sensitivity Labels'!E67 -> 0 | E39: ='Sensitivity Labels'!F67 -> FALSE | F39: ='Sensitivity Labels'!G67 -> Files & Other Data assets | G39: ='Sensitivity Labels'!I67 -> 0 | H39: ='Sensitivity Labels'!J67 -> 0 | I39: ='Sensitivity Labels'!K67 -> 0 | J39: =IF(OR(M39=TRUE,M40=TRUE),"Encryption",(IF(K39=TRUE,"Remove Encryption","No Encryption"))) -> No Encryption | K39: ='Emails, Files, & Other Data'!H96 -> FALSE | L39: =L35 -> Remove access control settings if already applied to items | M39: ='Emails, Files, & Other Data'!J96 -> FALSE | N39: =N35 -> Assign Permissions now | O39: =O$11 -> Access Control | P39: =IF(E41=TRUE,"Yes","No") -> No | Q39: =IF(OR('Groups & Sites'!H76=INputs!AN$3,'Groups & Sites'!H76=INputs!AN$4),"Yes","No") -> No | R39: =R$11 -> Privacy and external user access | S39: =IF('Groups & Sites'!K76=TRUE,"Yes","No") -> No | T39: =T$11 -> Content can be shared with | U39: =IF('Groups & Sites'!S77=TRUE,"Yes","No") -> No | V39: =V$11 -> Allow users to discover private teams that have this label applied.
E40: ='Sensitivity Labels'!F69 -> FALSE | F40: ='Sensitivity Labels'!G69 -> Emails | J40: =IF(OR('Emails, Files, & Other Data'!X96=TRUE,'Emails, Files, & Other Data'!X97=TRUE,'Emails, Files, & Other Data'!X98=TRUE),"Yes","No") -> No | M40: ='Emails, Files, & Other Data'!J97 -> FALSE | N40: =N36 -> Let users assign permissions when they apply the label | O40: =O$12 -> Content Marking
E41: ='Sensitivity Labels'!F71 -> FALSE | F41: ='Sensitivity Labels'!G71 -> Meetings | J41: =IF('Emails, Files, & Other Data'!AB96=TRUE,"Yes","No") -> No | O41: =O$13 -> Auto-labeling for files and emails: "Client-side Auto-Labeling" | Q41: =IF('Groups & Sites'!H78=TRUE,"Yes","No") -> No | R41: =R$13 -> Let Microsoft 365 Group owners add people outside your organization to the group as guests. | S41: =IF('Groups & Sites'!K77=TRUE,"Yes","No") -> No | T41: =T$13 -> Use Microsoft Entra Conditional Access to protect labeled SharePoint sites | U41: =IF(OR('Groups & Sites'!S79=TRUE,'Groups & Sites'!S80=TRUE,'Groups & Sites'!S81=TRUE),"Yes","No") -> No | V41: =V$13 -> Teams shared channels
E42: ='Sensitivity Labels'!F73 -> FALSE | F42: ='Sensitivity Labels'!G73 -> Groups & Sites
A43: =A39+1 -> 9 | B43: ='Sensitivity Labels'!C75 -> 0 | C43: ='Sensitivity Labels'!D75 -> 0 | D43: ='Sensitivity Labels'!E75 -> 0 | E43: ='Sensitivity Labels'!F75 -> FALSE | F43: ='Sensitivity Labels'!G75 -> Files & Other Data assets | G43: ='Sensitivity Labels'!I75 -> 0 | H43: ='Sensitivity Labels'!J75 -> 0 | I43: ='Sensitivity Labels'!K75 -> 0 | J43: =IF(OR(M43=TRUE,M44=TRUE),"Encryption",(IF(K43=TRUE,"Remove Encryption","No Encryption"))) -> No Encryption | K43: ='Emails, Files, & Other Data'!H108 -> FALSE | L43: =L39 -> Remove access control settings if already applied to items | M43: ='Emails, Files, & Other Data'!J108 -> FALSE | N43: =N39 -> Assign Permissions now | O43: =O$11 -> Access Control | P43: =IF(E45=TRUE,"Yes","No") -> No | Q43: =IF(OR('Groups & Sites'!H85=INputs!AN$3,'Groups & Sites'!H85=INputs!AN$4),"Yes","No") -> No | R43: =R$11 -> Privacy and external user access | S43: =IF('Groups & Sites'!K85=TRUE,"Yes","No") -> No | T43: =T$11 -> Content can be shared with | U43: =IF('Groups & Sites'!S86=TRUE,"Yes","No") -> No | V43: =V$11 -> Allow users to discover private teams that have this label applied.
E44: ='Sensitivity Labels'!F77 -> FALSE | F44: ='Sensitivity Labels'!G77 -> Emails | J44: =IF(OR('Emails, Files, & Other Data'!X108=TRUE,'Emails, Files, & Other Data'!X109=TRUE,'Emails, Files, & Other Data'!X110=TRUE),"Yes","No") -> No | M44: ='Emails, Files, & Other Data'!J109 -> FALSE | N44: =N40 -> Let users assign permissions when they apply the label | O44: =O$12 -> Content Marking
E45: ='Sensitivity Labels'!F79 -> FALSE | F45: ='Sensitivity Labels'!G79 -> Meetings | J45: =IF('Emails, Files, & Other Data'!AB108=TRUE,"Yes","No") -> No | O45: =O$13 -> Auto-labeling for files and emails: "Client-side Auto-Labeling" | Q45: =IF('Groups & Sites'!H87=TRUE,"Yes","No") -> No | R45: =R$13 -> Let Microsoft 365 Group owners add people outside your organization to the group as guests. | S45: =IF('Groups & Sites'!K86=TRUE,"Yes","No") -> No | T45: =T$13 -> Use Microsoft Entra Conditional Access to protect labeled SharePoint sites | U45: =IF(OR('Groups & Sites'!S88=TRUE,'Groups & Sites'!S89=TRUE,'Groups & Sites'!S90=TRUE),"Yes","No") -> No | V45: =V$13 -> Teams shared channels
E46: ='Sensitivity Labels'!F81 -> FALSE | F46: ='Sensitivity Labels'!G81 -> Groups & Sites
A47: =A43+1 -> 10 | B47: ='Sensitivity Labels'!C83 -> 0 | C47: ='Sensitivity Labels'!D83 -> 0 | D47: ='Sensitivity Labels'!E83 -> 0 | E47: ='Sensitivity Labels'!F83 -> FALSE | F47: ='Sensitivity Labels'!G83 -> Files & Other Data assets | G47: ='Sensitivity Labels'!I83 -> 0 | H47: ='Sensitivity Labels'!J83 -> 0 | I47: ='Sensitivity Labels'!K83 -> 0 | J47: =IF(OR(M47=TRUE,M48=TRUE),"Encryption",(IF(K47=TRUE,"Remove Encryption","No Encryption"))) -> No Encryption | K47: ='Emails, Files, & Other Data'!H120 -> FALSE | L47: =L43 -> Remove access control settings if already applied to items | M47: ='Emails, Files, & Other Data'!J120 -> FALSE | N47: =N43 -> Assign Permissions now | O47: =O$11 -> Access Control | P47: =IF(E49=TRUE,"Yes","No") -> No | Q47: =IF(OR('Groups & Sites'!H94=INputs!AN$3,'Groups & Sites'!H94=INputs!AN$4),"Yes","No") -> No | R47: =R$11 -> Privacy and external user access | S47: =IF('Groups & Sites'!K94=TRUE,"Yes","No") -> No | T47: =T$11 -> Content can be shared with | U47: =IF('Groups & Sites'!S95=TRUE,"Yes","No") -> No | V47: =V$11 -> Allow users to discover private teams that have this label applied.
E48: ='Sensitivity Labels'!F85 -> FALSE | F48: ='Sensitivity Labels'!G85 -> Emails | J48: =IF(OR('Emails, Files, & Other Data'!X120=TRUE,'Emails, Files, & Other Data'!X121=TRUE,'Emails, Files, & Other Data'!X122=TRUE),"Yes","No") -> No | M48: ='Emails, Files, & Other Data'!J121 -> FALSE | N48: =N44 -> Let users assign permissions when they apply the label | O48: =O$12 -> Content Marking
E49: ='Sensitivity Labels'!F87 -> FALSE | F49: ='Sensitivity Labels'!G87 -> Meetings | J49: =IF('Emails, Files, & Other Data'!AB120=TRUE,"Yes","No") -> No | O49: =O$13 -> Auto-labeling for files and emails: "Client-side Auto-Labeling" | Q49: =IF('Groups & Sites'!H96=TRUE,"Yes","No") -> No | R49: =R$13 -> Let Microsoft 365 Group owners add people outside your organization to the group as guests. | S49: =IF('Groups & Sites'!K95=TRUE,"Yes","No") -> No | T49: =T$13 -> Use Microsoft Entra Conditional Access to protect labeled SharePoint sites | U49: =IF(OR('Groups & Sites'!S97=TRUE,'Groups & Sites'!S98=TRUE,'Groups & Sites'!S99=TRUE),"Yes","No") -> No | V49: =V$13 -> Teams shared channels
E50: ='Sensitivity Labels'!F89 -> FALSE | F50: ='Sensitivity Labels'!G89 -> Groups & Sites
A51: =A47+1 -> 11 | B51: ='Sensitivity Labels'!C91 -> 0 | C51: ='Sensitivity Labels'!D91 -> 0 | D51: ='Sensitivity Labels'!E91 -> 0 | E51: ='Sensitivity Labels'!F91 -> FALSE | F51: ='Sensitivity Labels'!G91 -> Files & Other Data assets | G51: ='Sensitivity Labels'!I91 -> 0 | H51: ='Sensitivity Labels'!J91 -> 0 | I51: ='Sensitivity Labels'!K91 -> 0 | J51: =IF(OR(M51=TRUE,M52=TRUE),"Encryption",(IF(K51=TRUE,"Remove Encryption","No Encryption"))) -> No Encryption | K51: ='Emails, Files, & Other Data'!H132 -> FALSE | L51: =L47 -> Remove access control settings if already applied to items | M51: ='Emails, Files, & Other Data'!J132 -> FALSE | N51: =N47 -> Assign Permissions now | O51: =O$11 -> Access Control | P51: =IF(E53=TRUE,"Yes","No") -> No | Q51: =IF(OR('Groups & Sites'!H103=INputs!AN$3,'Groups & Sites'!H103=INputs!AN$4),"Yes","No") -> No | R51: =R$11 -> Privacy and external user access | S51: =IF('Groups & Sites'!K103=TRUE,"Yes","No") -> No | T51: =T$11 -> Content can be shared with | U51: =IF('Groups & Sites'!S104=TRUE,"Yes","No") -> No | V51: =V$11 -> Allow users to discover private teams that have this label applied.
E52: ='Sensitivity Labels'!F93 -> FALSE | F52: ='Sensitivity Labels'!G93 -> Emails | J52: =IF(OR('Emails, Files, & Other Data'!X132=TRUE,'Emails, Files, & Other Data'!X133=TRUE,'Emails, Files, & Other Data'!X134=TRUE),"Yes","No") -> No | M52: ='Emails, Files, & Other Data'!J133 -> FALSE | N52: =N48 -> Let users assign permissions when they apply the label | O52: =O$12 -> Content Marking
E53: ='Sensitivity Labels'!F95 -> FALSE | F53: ='Sensitivity Labels'!G95 -> Meetings | J53: =IF('Emails, Files, & Other Data'!AB132=TRUE,"Yes","No") -> No | O53: =O$13 -> Auto-labeling for files and emails: "Client-side Auto-Labeling" | Q53: =IF('Groups & Sites'!H105=TRUE,"Yes","No") -> No | R53: =R$13 -> Let Microsoft 365 Group owners add people outside your organization to the group as guests. | S53: =IF('Groups & Sites'!K104=TRUE,"Yes","No") -> No | T53: =T$13 -> Use Microsoft Entra Conditional Access to protect labeled SharePoint sites | U53: =IF(OR('Groups & Sites'!S106=TRUE,'Groups & Sites'!S107=TRUE,'Groups & Sites'!S108=TRUE),"Yes","No") -> No | V53: =V$13 -> Teams shared channels
E54: ='Sensitivity Labels'!F97 -> FALSE | F54: ='Sensitivity Labels'!G97 -> Groups & Sites
A55: =A51+1 -> 12 | B55: ='Sensitivity Labels'!C99 -> 0 | C55: ='Sensitivity Labels'!D99 -> 0 | D55: ='Sensitivity Labels'!E99 -> 0 | E55: ='Sensitivity Labels'!F99 -> FALSE | F55: ='Sensitivity Labels'!G99 -> Files & Other Data assets | G55: ='Sensitivity Labels'!I99 -> 0 | H55: ='Sensitivity Labels'!J99 -> 0 | I55: ='Sensitivity Labels'!K99 -> 0 | J55: =IF(OR(M55=TRUE,M56=TRUE),"Encryption",(IF(K55=TRUE,"Remove Encryption","No Encryption"))) -> No Encryption | K55: ='Emails, Files, & Other Data'!H144 -> FALSE | L55: =L51 -> Remove access control settings if already applied to items | M55: ='Emails, Files, & Other Data'!J144 -> FALSE | N55: =N51 -> Assign Permissions now | O55: =O$11 -> Access Control | P55: =IF(E57=TRUE,"Yes","No") -> No | Q55: =IF(OR('Groups & Sites'!H112=INputs!AN$3,'Groups & Sites'!H112=INputs!AN$4),"Yes","No") -> No | R55: =R$11 -> Privacy and external user access | S55: =IF('Groups & Sites'!K112=TRUE,"Yes","No") -> No | T55: =T$11 -> Content can be shared with | U55: =IF('Groups & Sites'!S113=TRUE,"Yes","No") -> No | V55: =V$11 -> Allow users to discover private teams that have this label applied.
E56: ='Sensitivity Labels'!F101 -> FALSE | F56: ='Sensitivity Labels'!G101 -> Emails | J56: =IF(OR('Emails, Files, & Other Data'!X144=TRUE,'Emails, Files, & Other Data'!X145=TRUE,'Emails, Files, & Other Data'!X146=TRUE),"Yes","No") -> No | M56: ='Emails, Files, & Other Data'!J145 -> FALSE | N56: =N52 -> Let users assign permissions when they apply the label | O56: =O$12 -> Content Marking
E57: ='Sensitivity Labels'!F103 -> FALSE | F57: ='Sensitivity Labels'!G103 -> Meetings | J57: =IF('Emails, Files, & Other Data'!AB144=TRUE,"Yes","No") -> No | O57: =O$13 -> Auto-labeling for files and emails: "Client-side Auto-Labeling" | Q57: =IF('Groups & Sites'!H114=TRUE,"Yes","No") -> No | R57: =R$13 -> Let Microsoft 365 Group owners add people outside your organization to the group as guests. | S57: =IF('Groups & Sites'!K113=TRUE,"Yes","No") -> No | T57: =T$13 -> Use Microsoft Entra Conditional Access to protect labeled SharePoint sites | U57: =IF(OR('Groups & Sites'!S115=TRUE,'Groups & Sites'!S116=TRUE,'Groups & Sites'!S117=TRUE),"Yes","No") -> No | V57: =V$13 -> Teams shared channels
E58: ='Sensitivity Labels'!F105 -> FALSE | F58: ='Sensitivity Labels'!G105 -> Groups & Sites
A59: =A55+1 -> 13 | B59: ='Sensitivity Labels'!C107 -> 0 | C59: ='Sensitivity Labels'!D107 -> 0 | D59: ='Sensitivity Labels'!E107 -> 0 | E59: ='Sensitivity Labels'!F107 -> FALSE | F59: ='Sensitivity Labels'!G107 -> Files & Other Data assets | G59: ='Sensitivity Labels'!I107 -> 0 | H59: ='Sensitivity Labels'!J107 -> 0 | I59: ='Sensitivity Labels'!K107 -> 0 | J59: =IF(OR(M59=TRUE,M60=TRUE),"Encryption",(IF(K59=TRUE,"Remove Encryption","No Encryption"))) -> No Encryption | K59: ='Emails, Files, & Other Data'!H156 -> FALSE | L59: =L55 -> Remove access control settings if already applied to items | M59: ='Emails, Files, & Other Data'!J156 -> FALSE | N59: =N55 -> Assign Permissions now | O59: =O$11 -> Access Control | P59: =IF(E61=TRUE,"Yes","No") -> No | Q59: =IF(OR('Groups & Sites'!H121=INputs!AN$3,'Groups & Sites'!H121=INputs!AN$4),"Yes","No") -> No | R59: =R$11 -> Privacy and external user access | S59: =IF('Groups & Sites'!K121=TRUE,"Yes","No") -> No | T59: =T$11 -> Content can be shared with | U59: =IF('Groups & Sites'!S122=TRUE,"Yes","No") -> No | V59: =V$11 -> Allow users to discover private teams that have this label applied.
E60: ='Sensitivity Labels'!F109 -> FALSE | F60: ='Sensitivity Labels'!G109 -> Emails | J60: =IF(OR('Emails, Files, & Other Data'!X156=TRUE,'Emails, Files, & Other Data'!X157=TRUE,'Emails, Files, & Other Data'!X158=TRUE),"Yes","No") -> No | M60: ='Emails, Files, & Other Data'!J157 -> FALSE | N60: =N56 -> Let users assign permissions when they apply the label | O60: =O$12 -> Content Marking
E61: ='Sensitivity Labels'!F111 -> FALSE | F61: ='Sensitivity Labels'!G111 -> Meetings | J61: =IF('Emails, Files, & Other Data'!AB156=TRUE,"Yes","No") -> No | O61: =O$13 -> Auto-labeling for files and emails: "Client-side Auto-Labeling" | Q61: =IF('Groups & Sites'!H123=TRUE,"Yes","No") -> No | R61: =R$13 -> Let Microsoft 365 Group owners add people outside your organization to the group as guests. | S61: =IF('Groups & Sites'!K122=TRUE,"Yes","No") -> No | T61: =T$13 -> Use Microsoft Entra Conditional Access to protect labeled SharePoint sites | U61: =IF(OR('Groups & Sites'!S124=TRUE,'Groups & Sites'!S125=TRUE,'Groups & Sites'!S126=TRUE),"Yes","No") -> No | V61: =V$13 -> Teams shared channels
E62: ='Sensitivity Labels'!F113 -> FALSE | F62: ='Sensitivity Labels'!G113 -> Groups & Sites
A63: =A59+1 -> 14 | B63: ='Sensitivity Labels'!C115 -> 0 | C63: ='Sensitivity Labels'!D115 -> 0 | D63: ='Sensitivity Labels'!E115 -> 0 | E63: ='Sensitivity Labels'!F115 -> FALSE | F63: ='Sensitivity Labels'!G115 -> Files & Other Data assets | G63: ='Sensitivity Labels'!I115 -> 0 | H63: ='Sensitivity Labels'!J115 -> 0 | I63: ='Sensitivity Labels'!K115 -> 0 | J63: =IF(OR(M63=TRUE,M64=TRUE),"Encryption",(IF(K63=TRUE,"Remove Encryption","No Encryption"))) -> No Encryption | K63: ='Emails, Files, & Other Data'!H168 -> FALSE | L63: =L59 -> Remove access control settings if already applied to items | M63: ='Emails, Files, & Other Data'!J168 -> FALSE | N63: =N59 -> Assign Permissions now | O63: =O$11 -> Access Control | P63: =IF(E65=TRUE,"Yes","No") -> No | Q63: =IF(OR('Groups & Sites'!H130=INputs!AN$3,'Groups & Sites'!H130=INputs!AN$4),"Yes","No") -> No | R63: =R$11 -> Privacy and external user access | S63: =IF('Groups & Sites'!K130=TRUE,"Yes","No") -> No | T63: =T$11 -> Content can be shared with | U63: =IF('Groups & Sites'!S131=TRUE,"Yes","No") -> No | V63: =V$11 -> Allow users to discover private teams that have this label applied.
E64: ='Sensitivity Labels'!F117 -> FALSE | F64: ='Sensitivity Labels'!G117 -> Emails | J64: =IF(OR('Emails, Files, & Other Data'!X168=TRUE,'Emails, Files, & Other Data'!X169=TRUE,'Emails, Files, & Other Data'!X170=TRUE),"Yes","No") -> No | M64: ='Emails, Files, & Other Data'!J169 -> FALSE | N64: =N60 -> Let users assign permissions when they apply the label | O64: =O$12 -> Content Marking
E65: ='Sensitivity Labels'!F119 -> FALSE | F65: ='Sensitivity Labels'!G119 -> Meetings | J65: =IF('Emails, Files, & Other Data'!AB168=TRUE,"Yes","No") -> No | O65: =O$13 -> Auto-labeling for files and emails: "Client-side Auto-Labeling" | Q65: =IF('Groups & Sites'!H132=TRUE,"Yes","No") -> No | R65: =R$13 -> Let Microsoft 365 Group owners add people outside your organization to the group as guests. | S65: =IF('Groups & Sites'!K131=TRUE,"Yes","No") -> No | T65: =T$13 -> Use Microsoft Entra Conditional Access to protect labeled SharePoint sites | U65: =IF(OR('Groups & Sites'!S133=TRUE,'Groups & Sites'!S134=TRUE,'Groups & Sites'!S135=TRUE),"Yes","No") -> No | V65: =V$13 -> Teams shared channels
E66: ='Sensitivity Labels'!F121 -> FALSE | F66: ='Sensitivity Labels'!G121 -> Groups & Sites
A67: =A63+1 -> 15 | B67: ='Sensitivity Labels'!C123 -> 0 | C67: ='Sensitivity Labels'!D123 -> 0 | D67: ='Sensitivity Labels'!E123 -> 0 | E67: ='Sensitivity Labels'!F123 -> FALSE | F67: ='Sensitivity Labels'!G123 -> Files & Other Data assets | G67: ='Sensitivity Labels'!I123 -> 0 | H67: ='Sensitivity Labels'!J123 -> 0 | I67: ='Sensitivity Labels'!K123 -> 0 | J67: =IF(OR(M67=TRUE,M68=TRUE),"Encryption",(IF(K67=TRUE,"Remove Encryption","No Encryption"))) -> No Encryption | K67: ='Emails, Files, & Other Data'!H180 -> FALSE | L67: =L63 -> Remove access control settings if already applied to items | M67: ='Emails, Files, & Other Data'!J180 -> FALSE | N67: =N63 -> Assign Permissions now | O67: =O$11 -> Access Control | P67: =IF(E69=TRUE,"Yes","No") -> No | Q67: =IF(OR('Groups & Sites'!H139=INputs!AN$3,'Groups & Sites'!H139=INputs!AN$4),"Yes","No") -> No | R67: =R$11 -> Privacy and external user access | S67: =IF('Groups & Sites'!K139=TRUE,"Yes","No") -> No | T67: =T$11 -> Content can be shared with | U67: =IF('Groups & Sites'!S140=TRUE,"Yes","No") -> No | V67: =V$11 -> Allow users to discover private teams that have this label applied.
E68: ='Sensitivity Labels'!F125 -> FALSE | F68: ='Sensitivity Labels'!G125 -> Emails | J68: =IF(OR('Emails, Files, & Other Data'!X180=TRUE,'Emails, Files, & Other Data'!X181=TRUE,'Emails, Files, & Other Data'!X182=TRUE),"Yes","No") -> No | M68: ='Emails, Files, & Other Data'!J181 -> FALSE | N68: =N64 -> Let users assign permissions when they apply the label | O68: =O$12 -> Content Marking
E69: ='Sensitivity Labels'!F127 -> FALSE | F69: ='Sensitivity Labels'!G127 -> Meetings | J69: =IF('Emails, Files, & Other Data'!AB180=TRUE,"Yes","No") -> No | O69: =O$13 -> Auto-labeling for files and emails: "Client-side Auto-Labeling" | Q69: =IF('Groups & Sites'!H141=TRUE,"Yes","No") -> No | R69: =R$13 -> Let Microsoft 365 Group owners add people outside your organization to the group as guests. | S69: =IF('Groups & Sites'!K140=TRUE,"Yes","No") -> No | T69: =T$13 -> Use Microsoft Entra Conditional Access to protect labeled SharePoint sites | U69: =IF(OR('Groups & Sites'!S142=TRUE,'Groups & Sites'!S143=TRUE,'Groups & Sites'!S144=TRUE),"Yes","No") -> No | V69: =V$13 -> Teams shared channels
E70: ='Sensitivity Labels'!F129 -> FALSE | F70: ='Sensitivity Labels'!G129 -> Groups & Sites
A71: =A67+1 -> 16 | B71: ='Sensitivity Labels'!C131 -> 0 | C71: ='Sensitivity Labels'!D131 -> 0 | D71: ='Sensitivity Labels'!E131 -> 0 | E71: ='Sensitivity Labels'!F131 -> FALSE | F71: ='Sensitivity Labels'!G131 -> Files & Other Data assets | G71: ='Sensitivity Labels'!I131 -> 0 | H71: ='Sensitivity Labels'!J131 -> 0 | I71: ='Sensitivity Labels'!K131 -> 0 | J71: =IF(OR(M71=TRUE,M72=TRUE),"Encryption",(IF(K71=TRUE,"Remove Encryption","No Encryption"))) -> No Encryption | K71: ='Emails, Files, & Other Data'!H192 -> FALSE | L71: =L67 -> Remove access control settings if already applied to items | M71: ='Emails, Files, & Other Data'!J192 -> FALSE | N71: =N67 -> Assign Permissions now | O71: =O$11 -> Access Control | P71: =IF(E73=TRUE,"Yes","No") -> No | Q71: =IF(OR('Groups & Sites'!H148=INputs!AN$3,'Groups & Sites'!H148=INputs!AN$4),"Yes","No") -> No | R71: =R$11 -> Privacy and external user access | S71: =IF('Groups & Sites'!K148=TRUE,"Yes","No") -> No | T71: =T$11 -> Content can be shared with | U71: =IF('Groups & Sites'!S149=TRUE,"Yes","No") -> No | V71: =V$11 -> Allow users to discover private teams that have this label applied.
E72: ='Sensitivity Labels'!F133 -> FALSE | F72: ='Sensitivity Labels'!G133 -> Emails | J72: =IF(OR('Emails, Files, & Other Data'!X192=TRUE,'Emails, Files, & Other Data'!X193=TRUE,'Emails, Files, & Other Data'!X194=TRUE),"Yes","No") -> No | M72: ='Emails, Files, & Other Data'!J193 -> FALSE | N72: =N68 -> Let users assign permissions when they apply the label | O72: =O$12 -> Content Marking
E73: ='Sensitivity Labels'!F135 -> FALSE | F73: ='Sensitivity Labels'!G135 -> Meetings | J73: =IF('Emails, Files, & Other Data'!AB192=TRUE,"Yes","No") -> No | O73: =O$13 -> Auto-labeling for files and emails: "Client-side Auto-Labeling" | Q73: =IF('Groups & Sites'!H150=TRUE,"Yes","No") -> No | R73: =R$13 -> Let Microsoft 365 Group owners add people outside your organization to the group as guests. | S73: =IF('Groups & Sites'!K149=TRUE,"Yes","No") -> No | T73: =T$13 -> Use Microsoft Entra Conditional Access to protect labeled SharePoint sites | U73: =IF(OR('Groups & Sites'!S151=TRUE,'Groups & Sites'!S152=TRUE,'Groups & Sites'!S153=TRUE),"Yes","No") -> No | V73: =V$13 -> Teams shared channels
E74: ='Sensitivity Labels'!F137 -> FALSE | F74: ='Sensitivity Labels'!G137 -> Groups & Sites
A75: =A71+1 -> 17 | B75: ='Sensitivity Labels'!C139 -> 0 | C75: ='Sensitivity Labels'!D139 -> 0 | D75: ='Sensitivity Labels'!E139 -> 0 | E75: ='Sensitivity Labels'!F139 -> FALSE | F75: ='Sensitivity Labels'!G139 -> Files & Other Data assets | G75: ='Sensitivity Labels'!I139 -> 0 | H75: ='Sensitivity Labels'!J139 -> 0 | I75: ='Sensitivity Labels'!K139 -> 0 | J75: =IF(OR(M75=TRUE,M76=TRUE),"Encryption",(IF(K75=TRUE,"Remove Encryption","No Encryption"))) -> No Encryption | K75: ='Emails, Files, & Other Data'!H204 -> FALSE | L75: =L71 -> Remove access control settings if already applied to items | M75: ='Emails, Files, & Other Data'!J204 -> FALSE | N75: =N71 -> Assign Permissions now | O75: =O$11 -> Access Control | P75: =IF(E77=TRUE,"Yes","No") -> No | Q75: =IF(OR('Groups & Sites'!H157=INputs!AN$3,'Groups & Sites'!H157=INputs!AN$4),"Yes","No") -> No | R75: =R$11 -> Privacy and external user access | S75: =IF('Groups & Sites'!K157=TRUE,"Yes","No") -> No | T75: =T$11 -> Content can be shared with | U75: =IF('Groups & Sites'!S158=TRUE,"Yes","No") -> No | V75: =V$11 -> Allow users to discover private teams that have this label applied.
E76: ='Sensitivity Labels'!F141 -> FALSE | F76: ='Sensitivity Labels'!G141 -> Emails | J76: =IF(OR('Emails, Files, & Other Data'!X204=TRUE,'Emails, Files, & Other Data'!X205=TRUE,'Emails, Files, & Other Data'!X206=TRUE),"Yes","No") -> No | M76: ='Emails, Files, & Other Data'!J205 -> FALSE | N76: =N72 -> Let users assign permissions when they apply the label | O76: =O$12 -> Content Marking
E77: ='Sensitivity Labels'!F143 -> FALSE | F77: ='Sensitivity Labels'!G143 -> Meetings | J77: =IF('Emails, Files, & Other Data'!AB204=TRUE,"Yes","No") -> No | O77: =O$13 -> Auto-labeling for files and emails: "Client-side Auto-Labeling" | Q77: =IF('Groups & Sites'!H159=TRUE,"Yes","No") -> No | R77: =R$13 -> Let Microsoft 365 Group owners add people outside your organization to the group as guests. | S77: =IF('Groups & Sites'!K158=TRUE,"Yes","No") -> No | T77: =T$13 -> Use Microsoft Entra Conditional Access to protect labeled SharePoint sites | U77: =IF(OR('Groups & Sites'!S160=TRUE,'Groups & Sites'!S161=TRUE,'Groups & Sites'!S162=TRUE),"Yes","No") -> No | V77: =V$13 -> Teams shared channels
E78: ='Sensitivity Labels'!F145 -> FALSE | F78: ='Sensitivity Labels'!G145 -> Groups & Sites
A79: =A75+1 -> 18 | B79: ='Sensitivity Labels'!C147 -> 0 | C79: ='Sensitivity Labels'!D147 -> 0 | D79: ='Sensitivity Labels'!E147 -> 0 | E79: ='Sensitivity Labels'!F147 -> FALSE | F79: ='Sensitivity Labels'!G147 -> Files & Other Data assets | G79: ='Sensitivity Labels'!I147 -> 0 | H79: ='Sensitivity Labels'!J147 -> 0 | I79: ='Sensitivity Labels'!K147 -> 0 | J79: =IF(OR(M79=TRUE,M80=TRUE),"Encryption",(IF(K79=TRUE,"Remove Encryption","No Encryption"))) -> No Encryption | K79: ='Emails, Files, & Other Data'!H216 -> FALSE | L79: =L75 -> Remove access control settings if already applied to items | M79: ='Emails, Files, & Other Data'!J216 -> FALSE | N79: =N75 -> Assign Permissions now | O79: =O$11 -> Access Control | P79: =IF(E81=TRUE,"Yes","No") -> No | Q79: =IF(OR('Groups & Sites'!H166=INputs!AN$3,'Groups & Sites'!H166=INputs!AN$4),"Yes","No") -> No | R79: =R$11 -> Privacy and external user access | S79: =IF('Groups & Sites'!K166=TRUE,"Yes","No") -> No | T79: =T$11 -> Content can be shared with | U79: =IF('Groups & Sites'!S167=TRUE,"Yes","No") -> No | V79: =V$11 -> Allow users to discover private teams that have this label applied.
E80: ='Sensitivity Labels'!F149 -> FALSE | F80: ='Sensitivity Labels'!G149 -> Emails | J80: =IF(OR('Emails, Files, & Other Data'!X216=TRUE,'Emails, Files, & Other Data'!X217=TRUE,'Emails, Files, & Other Data'!X218=TRUE),"Yes","No") -> No | M80: ='Emails, Files, & Other Data'!J217 -> FALSE | N80: =N76 -> Let users assign permissions when they apply the label | O80: =O$12 -> Content Marking
E81: ='Sensitivity Labels'!F151 -> FALSE | F81: ='Sensitivity Labels'!G151 -> Meetings | J81: =IF('Emails, Files, & Other Data'!AB216=TRUE,"Yes","No") -> No | O81: =O$13 -> Auto-labeling for files and emails: "Client-side Auto-Labeling" | Q81: =IF('Groups & Sites'!H168=TRUE,"Yes","No") -> No | R81: =R$13 -> Let Microsoft 365 Group owners add people outside your organization to the group as guests. | S81: =IF('Groups & Sites'!K167=TRUE,"Yes","No") -> No | T81: =T$13 -> Use Microsoft Entra Conditional Access to protect labeled SharePoint sites | U81: =IF(OR('Groups & Sites'!S169=TRUE,'Groups & Sites'!S170=TRUE,'Groups & Sites'!S171=TRUE),"Yes","No") -> No | V81: =V$13 -> Teams shared channels
E82: ='Sensitivity Labels'!F153 -> FALSE | F82: ='Sensitivity Labels'!G153 -> Groups & Sites
A83: =A79+1 -> 19 | B83: ='Sensitivity Labels'!C155 -> 0 | C83: ='Sensitivity Labels'!D155 -> 0 | D83: ='Sensitivity Labels'!E155 -> 0 | E83: ='Sensitivity Labels'!F155 -> FALSE | F83: ='Sensitivity Labels'!G155 -> Files & Other Data assets | G83: ='Sensitivity Labels'!I155 -> 0 | H83: ='Sensitivity Labels'!J155 -> 0 | I83: ='Sensitivity Labels'!K155 -> 0 | J83: =IF(OR(M83=TRUE,M84=TRUE),"Encryption",(IF(K83=TRUE,"Remove Encryption","No Encryption"))) -> No Encryption | K83: ='Emails, Files, & Other Data'!H228 -> FALSE | L83: =L79 -> Remove access control settings if already applied to items | M83: ='Emails, Files, & Other Data'!J228 -> FALSE | N83: =N79 -> Assign Permissions now | O83: =O$11 -> Access Control | P83: =IF(E85=TRUE,"Yes","No") -> No | Q83: =IF(OR('Groups & Sites'!H175=INputs!AN$3,'Groups & Sites'!H175=INputs!AN$4),"Yes","No") -> No | R83: =R$11 -> Privacy and external user access | S83: =IF('Groups & Sites'!K175=TRUE,"Yes","No") -> No | T83: =T$11 -> Content can be shared with | U83: =IF('Groups & Sites'!S176=TRUE,"Yes","No") -> No | V83: =V$11 -> Allow users to discover private teams that have this label applied.
E84: ='Sensitivity Labels'!F157 -> FALSE | F84: ='Sensitivity Labels'!G157 -> Emails | J84: =IF(OR('Emails, Files, & Other Data'!X228=TRUE,'Emails, Files, & Other Data'!X229=TRUE,'Emails, Files, & Other Data'!X230=TRUE),"Yes","No") -> No | M84: ='Emails, Files, & Other Data'!J229 -> FALSE | N84: =N80 -> Let users assign permissions when they apply the label | O84: =O$12 -> Content Marking
E85: ='Sensitivity Labels'!F159 -> FALSE | F85: ='Sensitivity Labels'!G159 -> Meetings | J85: =IF('Emails, Files, & Other Data'!AB228=TRUE,"Yes","No") -> No | O85: =O$13 -> Auto-labeling for files and emails: "Client-side Auto-Labeling" | Q85: =IF('Groups & Sites'!H177=TRUE,"Yes","No") -> No | R85: =R$13 -> Let Microsoft 365 Group owners add people outside your organization to the group as guests. | S85: =IF('Groups & Sites'!K176=TRUE,"Yes","No") -> No | T85: =T$13 -> Use Microsoft Entra Conditional Access to protect labeled SharePoint sites | U85: =IF(OR('Groups & Sites'!S178=TRUE,'Groups & Sites'!S179=TRUE,'Groups & Sites'!S180=TRUE),"Yes","No") -> No | V85: =V$13 -> Teams shared channels
E86: ='Sensitivity Labels'!F161 -> FALSE | F86: ='Sensitivity Labels'!G161 -> Groups & Sites
A87: =A83+1 -> 20 | B87: ='Sensitivity Labels'!C163 -> 0 | C87: ='Sensitivity Labels'!D163 -> 0 | D87: ='Sensitivity Labels'!E163 -> 0 | E87: ='Sensitivity Labels'!F163 -> FALSE | F87: ='Sensitivity Labels'!G163 -> Files & Other Data assets | G87: ='Sensitivity Labels'!I163 -> 0 | H87: ='Sensitivity Labels'!J163 -> 0 | I87: ='Sensitivity Labels'!K163 -> 0 | J87: =IF(OR(M87=TRUE,M88=TRUE),"Encryption",(IF(K87=TRUE,"Remove Encryption","No Encryption"))) -> No Encryption | K87: ='Emails, Files, & Other Data'!H240 -> FALSE | L87: =L83 -> Remove access control settings if already applied to items | M87: ='Emails, Files, & Other Data'!J240 -> FALSE | N87: =N83 -> Assign Permissions now | O87: =O$11 -> Access Control | P87: =IF(E89=TRUE,"Yes","No") -> No | Q87: =IF(OR('Groups & Sites'!H184=INputs!AN$3,'Groups & Sites'!H184=INputs!AN$4),"Yes","No") -> No | R87: =R$11 -> Privacy and external user access | S87: =IF('Groups & Sites'!K184=TRUE,"Yes","No") -> No | T87: =T$11 -> Content can be shared with | U87: =IF('Groups & Sites'!S185=TRUE,"Yes","No") -> No | V87: =V$11 -> Allow users to discover private teams that have this label applied.
E88: ='Sensitivity Labels'!F165 -> FALSE | F88: ='Sensitivity Labels'!G165 -> Emails | J88: =IF(OR('Emails, Files, & Other Data'!X240=TRUE,'Emails, Files, & Other Data'!X241=TRUE,'Emails, Files, & Other Data'!X242=TRUE),"Yes","No") -> No | M88: ='Emails, Files, & Other Data'!J241 -> FALSE | N88: =N84 -> Let users assign permissions when they apply the label | O88: =O$12 -> Content Marking
E89: ='Sensitivity Labels'!F167 -> FALSE | F89: ='Sensitivity Labels'!G167 -> Meetings | J89: =IF('Emails, Files, & Other Data'!AB240=TRUE,"Yes","No") -> No | O89: =O$13 -> Auto-labeling for files and emails: "Client-side Auto-Labeling" | Q89: =IF('Groups & Sites'!H186=TRUE,"Yes","No") -> No | R89: =R$13 -> Let Microsoft 365 Group owners add people outside your organization to the group as guests. | S89: =IF('Groups & Sites'!K185=TRUE,"Yes","No") -> No | T89: =T$13 -> Use Microsoft Entra Conditional Access to protect labeled SharePoint sites | U89: =IF(OR('Groups & Sites'!S187=TRUE,'Groups & Sites'!S188=TRUE,'Groups & Sites'!S189=TRUE),"Yes","No") -> No | V89: =V$13 -> Teams shared channels
E90: ='Sensitivity Labels'!F169 -> FALSE | F90: ='Sensitivity Labels'!G169 -> Groups & Sites

Sheet Publishing
C1: Publishing
C3: Name: | E3: Description: | G3: Choose sensitivity labels to publish: | I3: Assign admin units: | K3: Publish to users and groups: | M3: Policy settings: | P3: Default settings for documents​: | S3: Default settings for emails: | V3: Default settings for meetings and calendar events: | Y3: Default settings for sites and groups | AB3: Default settings for Fabric and Power BI content:
A5: Explanation | C5: The name of the Publishing Policy. | E5: Enter a description for your sensitivity label policy. | G5: When published, the labels you choose here will be available in specified users' Office apps (Word, Excel, PowerPoint, and Outlook), SharePoint and Teams sites, and Microsoft 365 Groups.​ | I5: Choose the admin units you'd like to assign this policy to. Admin units are created in Microsoft Entra ID and restrict the policy to a specific set of users or groups. Your selections will affect the location options available to you in the next step. If you want to assign this policy to all users and groups, select 'Next' and proceed. | K5: The labels you selected will be available for the users, distribution groups, mail-enabled security groups, and Microsoft 365 Groups you choose here.​ (If your role group permissions are restricted to a specific set of users and groups, you'll only be able to publish labels for those users and groups.) | M5: Configure settings for the labels included in this policy. | P5: The label you choose will automatically be applied to Word, Excel, and PowerPoint documents when they're created or modified. Users can always select a different label to better match the sensitivity of their document. | S5: The label you choose will automatically be applied to new and existing, unlabeled emails. Users can always change the default label before they send the message. If an email is labeled and attachments with higher priority labels are added, you can automatically replace the email's label with the highest priority attachment label or recommend that users do it themselves. If the email isn't labeled, it inherits the highest priority label from attachments. | V5: The label you choose will automatically be applied to new and existing, unlabeled meetings and calendar events. Users can always change the default label before they create the event or meeting. If a meeting is labeled, and then files with higher priority labels are uploaded or shared to the meeting, you can automatically replace the meeting's label with the highest priority file label or recommend that users do it themselves. | Y5: The label you choose will automatically be applied to new, unlabeled SharePoint sites and Microsoft Groups. Users can always change the default label before they create the site or group. Tip. (This label enforces site-level settings to protect sites and groups. The label won't be automatically applied to the files within the sites and groups themselves. To automatically apply default labels to files in SharePoint sites, consider setting up a default label for a document library.) | AB5: The label you choose will automatically be applied to new Fabric and Power BI reports, dashboards, and datasets. Users can always change the default label if it's not the right one.
A6: Links | C6: Publish sensitivity labels by creating a label policy | I6: Administrative units | K6: Roles and role groups | M6: Publish sensitivity labels by creating a label policy | P6: Manage sensitivity labels in Office apps | S6: Manage sensitivity labels in Office apps | V6: Use sensitivity labels to protect calendar items, Teams meetings, and chat | Y6: Configure a default sensitivity label for a SharePoint document library | AB6: Default label policy for Fabric and Power BI
M7: End-user documentation for sensitivity labels | S7: Configure label inheritance from email attachments
M8: Require users to apply a label to their email and documents
M9: Mandatory label policy for Fabric and Power BI
M10: End-user documentation for sensitivity labels
C11: Enter Text | E11: Enter Text | G11: Enter Text | I11: Enter Text | K11: Enter Text | N11: Select check box as needed | P11: Select check box as needed | S11: Select check box as needed | V11: Select check box as needed | Y11: Select check box as needed | AB11: Select check box as needed
A13: 1 | B13: =A13+10 -> 11 | M13: FALSE | N13: Users must provide a Justification to remove a label or lower it's classification | Q13: Apply a default label to documents​ | T13: Apply a default label to emails | W13: Apply a default label to meetings and calendar events | Z13: Apply a default label to sites and groups | AC13: Apply a default label to Fabric and Power BI content
B14: =B13+1 -> 12 | M14: FALSE | N14: Require users to apply a label to their emails and documents | Q14: Enter Text | T14: Enter Text | W14: Enter Text | Z14: Enter Text | AC14: Enter Text
B15: =B14+1 -> 13 | M15: FALSE | N15: Require users to apply a label to their Fabric and Power BI content
B16: =B15+1 -> 14
B17: =B16+1 -> 15 | M17: FALSE | N17: Provide users with a link to a custom help page | S17: FALSE | T17: Require users to apply a label to their emails | V17: FALSE | W17: Require users to apply a label to their meetings and calendar events | Y17: FALSE | Z17: Require users to apply a label to their groups or sites
B18: =B17+1 -> 16
B19: =B18+1 -> 17 | N19: Enter Text | S19: Inherit label from Attachments | V19: Apply inheritance between Teams meeting and artifacts
B20: =B19+1 -> 18 | S20: FALSE | T20: Email inherits highest priority label from attachments | W20: Inherit label from files shared to meetings
B21: =B20+1 -> 19 | T21: Choose from Drop Down | W21: Choose from Drop Down
B22: =B21+1 -> 20
A25: =A13+1 -> 2 | B25: =(A25*10)+1 -> 21 | M25: FALSE | N25: Users must provide a Justification to remove a label or lower it's classification | Q25: Apply a default label to documents​ | T25: Apply a default label to emails | W25: Apply a default label to meetings and calendar events | Z25: Apply a default label to sites and groups | AC25: Apply a default label to Fabric and Power BI content
B26: =B25+1 -> 22 | M26: FALSE | N26: Require users to apply a label to their emails and documents | Q26: Enter Text | T26: Enter Text | W26: Enter Text | Z26: Enter Text | AC26: Enter Text
B27: =B26+1 -> 23 | M27: FALSE | N27: Require users to apply a label to their Fabric and Power BI content
B28: =B27+1 -> 24
B29: =B28+1 -> 25 | M29: FALSE | N29: Provide users with a link to a custom help page | S29: FALSE | T29: Require users to apply a label to their emails | V29: FALSE | W29: Require users to apply a label to their meetings and calendar events | Y29: FALSE | Z29: Require users to apply a label to their groups or sites
B30: =B29+1 -> 26
B31: =B30+1 -> 27 | N31: Enter Text | S31: Inherit label from Attachments | V31: Apply inheritance between Teams meeting and artifacts
B32: =B31+1 -> 28 | S32: FALSE | T32: Email inherits highest priority label from attachments | W32: Inherit label from files shared to meetings
B33: =B32+1 -> 29 | T33: Choose from Drop Down | W33: Choose from Drop Down
B34: =B33+1 -> 30
A37: =A25+1 -> 3 | B37: =(A37*10)+1 -> 31 | M37: FALSE | N37: Users must provide a Justification to remove a label or lower it's classification | Q37: Apply a default label to documents​ | T37: Apply a default label to emails | W37: Apply a default label to meetings and calendar events | Z37: Apply a default label to sites and groups | AC37: Apply a default label to Fabric and Power BI content
B38: =B37+1 -> 32 | M38: FALSE | N38: Require users to apply a label to their emails and documents | Q38: Enter Text | T38: Enter Text | W38: Enter Text | Z38: Enter Text | AC38: Enter Text
B39: =B38+1 -> 33 | M39: FALSE | N39: Require users to apply a label to their Fabric and Power BI content
B40: =B39+1 -> 34
B41: =B40+1 -> 35 | M41: FALSE | N41: Provide users with a link to a custom help page | S41: FALSE | T41: Require users to apply a label to their emails | V41: FALSE | W41: Require users to apply a label to their meetings and calendar events | Y41: FALSE | Z41: Require users to apply a label to their groups or sites
B42: =B41+1 -> 36
B43: =B42+1 -> 37 | N43: Enter Text | S43: Inherit label from Attachments | V43: Apply inheritance between Teams meeting and artifacts
B44: =B43+1 -> 38 | S44: FALSE | T44: Email inherits highest priority label from attachments | W44: Inherit label from files shared to meetings
B45: =B44+1 -> 39 | T45: Choose from Drop Down | W45: Choose from Drop Down
B46: =B45+1 -> 40
A49: =A37+1 -> 4 | B49: =(A49*10)+1 -> 41 | M49: FALSE | N49: Users must provide a Justification to remove a label or lower it's classification | Q49: Apply a default label to documents​ | T49: Apply a default label to emails | W49: Apply a default label to meetings and calendar events | Z49: Apply a default label to sites and groups | AC49: Apply a default label to Fabric and Power BI content
B50: =B49+1 -> 42 | M50: FALSE | N50: Require users to apply a label to their emails and documents | Q50: Enter Text | T50: Enter Text | W50: Enter Text | Z50: Enter Text | AC50: Enter Text
B51: =B50+1 -> 43 | M51: FALSE | N51: Require users to apply a label to their Fabric and Power BI content
B52: =B51+1 -> 44
B53: =B52+1 -> 45 | M53: FALSE | N53: Provide users with a link to a custom help page | S53: FALSE | T53: Require users to apply a label to their emails | V53: FALSE | W53: Require users to apply a label to their meetings and calendar events | Y53: FALSE | Z53: Require users to apply a label to their groups or sites
B54: =B53+1 -> 46
B55: =B54+1 -> 47 | N55: Enter Text | S55: Inherit label from Attachments | V55: Apply inheritance between Teams meeting and artifacts
B56: =B55+1 -> 48 | S56: FALSE | T56: Email inherits highest priority label from attachments | W56: Inherit label from files shared to meetings
B57: =B56+1 -> 49 | T57: Choose from Drop Down | W57: Choose from Drop Down
B58: =B57+1 -> 50
A61: =A49+1 -> 5 | B61: =(A61*10)+1 -> 51 | M61: FALSE | N61: Users must provide a Justification to remove a label or lower it's classification | Q61: Apply a default label to documents​ | T61: Apply a default label to emails | W61: Apply a default label to meetings and calendar events | Z61: Apply a default label to sites and groups | AC61: Apply a default label to Fabric and Power BI content
B62: =B61+1 -> 52 | M62: FALSE | N62: Require users to apply a label to their emails and documents | Q62: Enter Text | T62: Enter Text | W62: Enter Text | Z62: Enter Text | AC62: Enter Text
B63: =B62+1 -> 53 | M63: FALSE | N63: Require users to apply a label to their Fabric and Power BI content
B64: =B63+1 -> 54
B65: =B64+1 -> 55 | M65: FALSE | N65: Provide users with a link to a custom help page | S65: FALSE | T65: Require users to apply a label to their emails | V65: FALSE | W65: Require users to apply a label to their meetings and calendar events | Y65: FALSE | Z65: Require users to apply a label to their groups or sites
B66: =B65+1 -> 56
B67: =B66+1 -> 57 | N67: Enter Text | S67: Inherit label from Attachments | V67: Apply inheritance between Teams meeting and artifacts
B68: =B67+1 -> 58 | S68: FALSE | T68: Email inherits highest priority label from attachments | W68: Inherit label from files shared to meetings
B69: =B68+1 -> 59 | T69: Choose from Drop Down | W69: Choose from Drop Down
B70: =B69+1 -> 60
A73: =A61+1 -> 6 | B73: =(A73*10)+1 -> 61 | M73: FALSE | N73: Users must provide a Justification to remove a label or lower it's classification | Q73: Apply a default label to documents​ | T73: Apply a default label to emails | W73: Apply a default label to meetings and calendar events | Z73: Apply a default label to sites and groups | AC73: Apply a default label to Fabric and Power BI content
B74: =B73+1 -> 62 | M74: FALSE | N74: Require users to apply a label to their emails and documents | Q74: Enter Text | T74: Enter Text | W74: Enter Text | Z74: Enter Text | AC74: Enter Text
B75: =B74+1 -> 63 | M75: FALSE | N75: Require users to apply a label to their Fabric and Power BI content
B76: =B75+1 -> 64
B77: =B76+1 -> 65 | M77: FALSE | N77: Provide users with a link to a custom help page | S77: FALSE | T77: Require users to apply a label to their emails | V77: FALSE | W77: Require users to apply a label to their meetings and calendar events | Y77: FALSE | Z77: Require users to apply a label to their groups or sites
B78: =B77+1 -> 66
B79: =B78+1 -> 67 | N79: Enter Text | S79: Inherit label from Attachments | V79: Apply inheritance between Teams meeting and artifacts
B80: =B79+1 -> 68 | S80: FALSE | T80: Email inherits highest priority label from attachments | W80: Inherit label from files shared to meetings
B81: =B80+1 -> 69 | T81: Choose from Drop Down | W81: Choose from Drop Down
B82: =B81+1 -> 70
A85: =A73+1 -> 7 | B85: =(A85*10)+1 -> 71 | M85: FALSE | N85: Users must provide a Justification to remove a label or lower it's classification | Q85: Apply a default label to documents​ | T85: Apply a default label to emails | W85: Apply a default label to meetings and calendar events | Z85: Apply a default label to sites and groups | AC85: Apply a default label to Fabric and Power BI content
B86: =B85+1 -> 72 | M86: FALSE | N86: Require users to apply a label to their emails and documents | Q86: Enter Text | T86: Enter Text | W86: Enter Text | Z86: Enter Text | AC86: Enter Text
B87: =B86+1 -> 73 | M87: FALSE | N87: Require users to apply a label to their Fabric and Power BI content
B88: =B87+1 -> 74
B89: =B88+1 -> 75 | M89: FALSE | N89: Provide users with a link to a custom help page | S89: FALSE | T89: Require users to apply a label to their emails | V89: FALSE | W89: Require users to apply a label to their meetings and calendar events | Y89: FALSE | Z89: Require users to apply a label to their groups or sites
B90: =B89+1 -> 76
B91: =B90+1 -> 77 | N91: Enter Text | S91: Inherit label from Attachments | V91: Apply inheritance between Teams meeting and artifacts
B92: =B91+1 -> 78 | S92: FALSE | T92: Email inherits highest priority label from attachments | W92: Inherit label from files shared to meetings
B93: =B92+1 -> 79 | T93: Choose from Drop Down | W93: Choose from Drop Down
B94: =B93+1 -> 80
A97: =A85+1 -> 8 | B97: =(A97*10)+1 -> 81 | M97: FALSE | N97: Users must provide a Justification to remove a label or lower it's classification | Q97: Apply a default label to documents​ | T97: Apply a default label to emails | W97: Apply a default label to meetings and calendar events | Z97: Apply a default label to sites and groups | AC97: Apply a default label to Fabric and Power BI content
B98: =B97+1 -> 82 | M98: FALSE | N98: Require users to apply a label to their emails and documents | Q98: Enter Text | T98: Enter Text | W98: Enter Text | Z98: Enter Text | AC98: Enter Text
B99: =B98+1 -> 83 | M99: FALSE | N99: Require users to apply a label to their Fabric and Power BI content
B100: =B99+1 -> 84
B101: =B100+1 -> 85 | M101: FALSE | N101: Provide users with a link to a custom help page | S101: FALSE | T101: Require users to apply a label to their emails | V101: FALSE | W101: Require users to apply a label to their meetings and calendar events | Y101: FALSE | Z101: Require users to apply a label to their groups or sites
B102: =B101+1 -> 86
B103: =B102+1 -> 87 | N103: Enter Text | S103: Inherit label from Attachments | V103: Apply inheritance between Teams meeting and artifacts
B104: =B103+1 -> 88 | S104: FALSE | T104: Email inherits highest priority label from attachments | W104: Inherit label from files shared to meetings
B105: =B104+1 -> 89 | T105: Choose from Drop Down | W105: Choose from Drop Down
B106: =B105+1 -> 90
A109: =A97+1 -> 9 | B109: =(A109*10)+1 -> 91 | M109: FALSE | N109: Users must provide a Justification to remove a label or lower it's classification | Q109: Apply a default label to documents​ | T109: Apply a default label to emails | W109: Apply a default label to meetings and calendar events | Z109: Apply a default label to sites and groups | AC109: Apply a default label to Fabric and Power BI content
B110: =B109+1 -> 92 | M110: FALSE | N110: Require users to apply a label to their emails and documents | Q110: Enter Text | T110: Enter Text | W110: Enter Text | Z110: Enter Text | AC110: Enter Text
B111: =B110+1 -> 93 | M111: FALSE | N111: Require users to apply a label to their Fabric and Power BI content
B112: =B111+1 -> 94
B113: =B112+1 -> 95 | M113: FALSE | N113: Provide users with a link to a custom help page | S113: FALSE | T113: Require users to apply a label to their emails | V113: FALSE | W113: Require users to apply a label to their meetings and calendar events | Y113: FALSE | Z113: Require users to apply a label to their groups or sites
B114: =B113+1 -> 96
B115: =B114+1 -> 97 | N115: Enter Text | S115: Inherit label from Attachments | V115: Apply inheritance between Teams meeting and artifacts
B116: =B115+1 -> 98 | S116: FALSE | T116: Email inherits highest priority label from attachments | W116: Inherit label from files shared to meetings
B117: =B116+1 -> 99 | T117: Choose from Drop Down | W117: Choose from Drop Down
B118: =B117+1 -> 100
A121: =A109+1 -> 10 | B121: =(A121*10)+1 -> 101 | M121: FALSE | N121: Users must provide a Justification to remove a label or lower it's classification | Q121: Apply a default label to documents​ | T121: Apply a default label to emails | W121: Apply a default label to meetings and calendar events | Z121: Apply a default label to sites and groups | AC121: Apply a default label to Fabric and Power BI content
...

Sheet Service-side Auto-Labeling
C1: Service-Side Auto-Labeling Policies | T1: =COUNTIF(R12:R109,INputs!AX3) -> 0
C2: Name | E2: Policy Mode | G2: Description | I2: Label to auto-apply: | K2: Assign admin units: | M2: Locations where you want to apply the label: | P2: Scope: | R2: Common or Advanced Rules: | T2: Common Rules: | V2: Rules for Exchange email: | X2: Rules for SharePoint files: | Z2: Rules for OneDrive files: | AB2: Additional settings for email:
A3: Explanation | C3: Name of the Auto-Label Policy. | E3: To help you determine whether the label will be applied to the correct items, you'll need to run the policy in simulation mode before turning it on. You can do this right away or wait until later. | I3: Users will see this label applied to files that match the rules and conditions you chose. | K3: Choose the admin units you'd like to assign this policy to. Admin units are created in Microsoft Entra ID and restrict the policy to a specific set of users or groups. Your selections will affect the location options available to you in the next step. If you want to assign this policy to all users and groups, select 'Next' and proceed. Admin units aren't applicable to non-Microsoft 365 locations (like Azure storage and Azure SQL Server). As a result, if you select admin units here, you won't be able to scope this policy to non-Microsoft locations in the next step. | M3: Exchange will automatically apply the label to unlabeled emails, regardless of which device or platform is used to send and receive the email. OneDrive and SharePoint will automatically apply the label to unlabeled Office documents and PDFs. (You can now apply labels to assets in non-Microsoft 365 locations like Azure and Amazon S3. Register and scan those data sources from Data Map so that they can be included in auto-labeling policies.) (If your role group permissions are restricted to a specific set of users or groups, you'll only be able to apply the label to those users or groups.) | P3: Where this Policy will be scoped to. | R3: Rules are made up of conditions that define what content the label is applied to. Choose common rules to define one set of rules that will apply to all locations you selected or choose advanced rules to define different rules for each location. Beware that when selecting "Common Rules", that it will only give you the "Conditions" that are applicable across all of the locations your specified like in Data Loss Prevention (DLP). | T3: Define one set of common rules for all locations. (Common rules consist of conditions for specifying what sensitive info to detect and whether to apply the label to items shared inside or outside your organization. If you selected Exchange and want access to more email conditions, Choose advanced rules.) | V3: The rules here are made up of conditions that define when a label should be automatically applied to email messages while they're in transit. You must create at least one rule. | X3: The rules here are made up of conditions that define when the label should be automatically applied to SharePoint files while they're at rest. You must have at least one rule. | Z3: The rules here are made up of conditions that define when the label should be automatically applied to OneDrive files while they're at rest. You must have at least one rule. | AB3: These settings only apply to email messages. If selected, this label will replace existing labels if their priority is the same or lower than this one, regardless of whether the existing label was applied automatically or manually. The label you selected has encryption settings. When it's applied to messages received from outside your organization, encryption will be applied when you designate a Rights Management owner from your organization. This ensures that someone has permissions to remove the encryption if needed.
A4: Links | C4: Automatically apply a sensitivity label to Microsoft 365 data | E4: Learn about simulation mode | I4: Where will this label appear? | K4: Administrative units | M4: Roles and role groups | AB4: Label priority (order matters)
M5: Scan data sources in Data Map | AB5: Rights Management issuer and Rights Management owner
C9: Enter Text | E9: Choose from Drop Down | G9: Enter Text | I9: Choose from Drop Down | K9: Enter Text | M9: Select check box as needed | P9: Enter Text | R9: Choose from Drop Down | T9: Enter Text | V9: Enter Text | X9: Enter Text | Z9: Enter Text | AC9: Select check box as needed
A11: 1 | B11: =A12+10 -> 10
B12: =B11+1 -> 11 | M12: FALSE | N12: Exchange email | P12: All users & Groups | AB12: FALSE | AC12: Automatically replace existing labels that have the same or lower priority" | AD12: Enter Text
B13: =B12+1 -> 12 | M13: FALSE | N13: SharePoint sites | P13: All siters | AB13: FALSE | AC13: Apply encryption to email received to email from outside your organization
B14: =B13+1 -> 13 | M14: FALSE | N14: OneDrive accounts | P14: All users & Groups
A16: =A11+1 -> 2 | B16: =B11+10 -> 20
B17: =B12+10 -> 21 | M17: FALSE | N17: Exchange email | P17: All users & Groups | T17: fgh | AB17: FALSE | AC17: Automatically replace existing labels that have the same or lower priority" | AD17: Enter Text
B18: =B17+1 -> 22 | M18: FALSE | N18: SharePoint sites | P18: All siters | AB18: FALSE | AC18: Apply encryption to email received to email from outside your organization
B19: =B18+1 -> 23 | M19: FALSE | N19: OneDrive accounts | P19: All users & Groups
A21: =A16+1 -> 3 | B21: =B16+10 -> 30
B22: =B17+10 -> 31 | M22: FALSE | N22: Exchange email | P22: All users & Groups | AB22: FALSE | AC22: Automatically replace existing labels that have the same or lower priority" | AD22: Enter Text
B23: =B22+1 -> 32 | M23: FALSE | N23: SharePoint sites | P23: All siters | AB23: TRUE | AC23: Apply encryption to email received to email from outside your organization
B24: =B23+1 -> 33 | M24: FALSE | N24: OneDrive accounts | P24: All users & Groups
A26: =A21+1 -> 4 | B26: =B21+10 -> 40
B27: =B22+10 -> 41 | M27: FALSE | N27: Exchange email | P27: All users & Groups | AB27: FALSE | AC27: Automatically replace existing labels that have the same or lower priority" | AD27: Enter Text
B28: =B27+1 -> 42 | M28: FALSE | N28: SharePoint sites | P28: All siters | AB28: TRUE | AC28: Apply encryption to email received to email from outside your organization
B29: =B28+1 -> 43 | M29: FALSE | N29: OneDrive accounts | P29: All users & Groups
A31: =A26+1 -> 5 | B31: =B26+10 -> 50
B32: =B27+10 -> 51 | M32: FALSE | N32: Exchange email | P32: All users & Groups | AB32: FALSE | AC32: Automatically replace existing labels that have the same or lower priority" | AD32: Enter Text
B33: =B32+1 -> 52 | M33: FALSE | N33: SharePoint sites | P33: All siters | AB33: FALSE | AC33: Apply encryption to email received to email from outside your organization
B34: =B33+1 -> 53 | M34: FALSE | N34: OneDrive accounts | P34: All users & Groups
A36: =A31+1 -> 6 | B36: =B31+10 -> 60
B37: =B32+10 -> 61 | M37: FALSE | N37: Exchange email | P37: All users & Groups | AB37: FALSE | AC37: Automatically replace existing labels that have the same or lower priority" | AD37: Enter Text
B38: =B37+1 -> 62 | M38: FALSE | N38: SharePoint sites | P38: All siters | AB38: TRUE | AC38: Apply encryption to email received to email from outside your organization
B39: =B38+1 -> 63 | M39: FALSE | N39: OneDrive accounts | P39: All users & Groups
A41: =A36+1 -> 7 | B41: =B36+10 -> 70
B42: =B37+10 -> 71 | M42: FALSE | N42: Exchange email | P42: All users & Groups | AB42: FALSE | AC42: Automatically replace existing labels that have the same or lower priority" | AD42: Enter Text
B43: =B42+1 -> 72 | M43: FALSE | N43: SharePoint sites | P43: All siters | AB43: FALSE | AC43: Apply encryption to email received to email from outside your organization
B44: =B43+1 -> 73 | M44: FALSE | N44: OneDrive accounts | P44: All users & Groups
A46: =A41+1 -> 8 | B46: =B41+10 -> 80
B47: =B42+10 -> 81 | M47: FALSE | N47: Exchange email | P47: All users & Groups | AB47: FALSE | AC47: Automatically replace existing labels that have the same or lower priority" | AD47: Enter Text
B48: =B47+1 -> 82 | M48: FALSE | N48: SharePoint sites | P48: All siters | AB48: FALSE | AC48: Apply encryption to email received to email from outside your organization
B49: =B48+1 -> 83 | M49: FALSE | N49: OneDrive accounts | P49: All users & Groups
A51: =A46+1 -> 9 | B51: =B46+10 -> 90
B52: =B47+10 -> 91 | M52: FALSE | N52: Exchange email | P52: All users & Groups | AB52: FALSE | AC52: Automatically replace existing labels that have the same or lower priority" | AD52: Enter Text
B53: =B52+1 -> 92 | M53: FALSE | N53: SharePoint sites | P53: All siters | AB53: FALSE | AC53: Apply encryption to email received to email from outside your organization
B54: =B53+1 -> 93 | M54: FALSE | N54: OneDrive accounts | P54: All users & Groups
A56: =A51+1 -> 10 | B56: =B51+10 -> 100
B57: =B52+10 -> 101 | M57: FALSE | N57: Exchange email | P57: All users & Groups | AB57: FALSE | AC57: Automatically replace existing labels that have the same or lower priority" | AD57: Enter Text
B58: =B57+1 -> 102 | M58: FALSE | N58: SharePoint sites | P58: All siters | AB58: FALSE | AC58: Apply encryption to email received to email from outside your organization
B59: =B58+1 -> 103 | M59: FALSE | N59: OneDrive accounts | P59: All users & Groups
A61: =A56+1 -> 11 | B61: =B56+10 -> 110
B62: =B57+10 -> 111 | M62: FALSE | N62: Exchange email | P62: All users & Groups | AB62: FALSE | AC62: Automatically replace existing labels that have the same or lower priority" | AD62: Enter Text
B63: =B62+1 -> 112 | M63: FALSE | N63: SharePoint sites | P63: All siters | AB63: FALSE | AC63: Apply encryption to email received to email from outside your organization
B64: =B63+1 -> 113 | M64: FALSE | N64: OneDrive accounts | P64: All users & Groups
A66: =A61+1 -> 12 | B66: =B61+10 -> 120
B67: =B62+10 -> 121 | M67: FALSE | N67: Exchange email | P67: All users & Groups | AB67: FALSE | AC67: Automatically replace existing labels that have the same or lower priority" | AD67: Enter Text
B68: =B67+1 -> 122 | M68: FALSE | N68: SharePoint sites | P68: All siters | AB68: FALSE | AC68: Apply encryption to email received to email from outside your organization
B69: =B68+1 -> 123 | M69: FALSE | N69: OneDrive accounts | P69: All users & Groups
A71: =A66+1 -> 13 | B71: =B66+10 -> 130
B72: =B67+10 -> 131 | M72: FALSE | N72: Exchange email | P72: All users & Groups | AB72: FALSE | AC72: Automatically replace existing labels that have the same or lower priority" | AD72: Enter Text
B73: =B72+1 -> 132 | M73: FALSE | N73: SharePoint sites | P73: All siters | AB73: FALSE | AC73: Apply encryption to email received to email from outside your organization
B74: =B73+1 -> 133 | M74: FALSE | N74: OneDrive accounts | P74: All users & Groups
A76: =A71+1 -> 14 | B76: =B71+10 -> 140
B77: =B72+10 -> 141 | M77: FALSE | N77: Exchange email | P77: All users & Groups | AB77: FALSE | AC77: Automatically replace existing labels that have the same or lower priority" | AD77: Enter Text
B78: =B77+1 -> 142 | M78: FALSE | N78: SharePoint sites | P78: All siters | AB78: FALSE | AC78: Apply encryption to email received to email from outside your organization
B79: =B78+1 -> 143 | M79: FALSE | N79: OneDrive accounts | P79: All users & Groups
A81: =A76+1 -> 15 | B81: =B76+10 -> 150
B82: =B77+10 -> 151 | M82: FALSE | N82: Exchange email | P82: All users & Groups | AB82: FALSE | AC82: Automatically replace existing labels that have the same or lower priority" | AD82: Enter Text
B83: =B82+1 -> 152 | M83: FALSE | N83: SharePoint sites | P83: All siters | AB83: FALSE | AC83: Apply encryption to email received to email from outside your organization
B84: =B83+1 -> 153 | M84: FALSE | N84: OneDrive accounts | P84: All users & Groups
A86: =A81+1 -> 16 | B86: =B81+10 -> 160
B87: =B82+10 -> 161 | M87: FALSE | N87: Exchange email | P87: All users & Groups | AB87: FALSE | AC87: Automatically replace existing labels that have the same or lower priority" | AD87: Enter Text
B88: =B87+1 -> 162 | M88: FALSE | N88: SharePoint sites | P88: All siters | AB88: FALSE | AC88: Apply encryption to email received to email from outside your organization
B89: =B88+1 -> 163 | M89: FALSE | N89: OneDrive accounts | P89: All users & Groups
A91: =A86+1 -> 17 | B91: =B86+10 -> 170
B92: =B87+10 -> 171 | M92: FALSE | N92: Exchange email | P92: All users & Groups | AB92: FALSE | AC92: Automatically replace existing labels that have the same or lower priority" | AD92: Enter Text
B93: =B92+1 -> 172 | M93: FALSE | N93: SharePoint sites | P93: All siters | AB93: FALSE | AC93: Apply encryption to email received to email from outside your organization
B94: =B93+1 -> 173 | M94: FALSE | N94: OneDrive accounts | P94: All users & Groups
A96: =A91+1 -> 18 | B96: =B91+10 -> 180
B97: =B92+10 -> 181 | M97: FALSE | N97: Exchange email | P97: All users & Groups | AB97: FALSE | AC97: Automatically replace existing labels that have the same or lower priority" | AD97: Enter Text
B98: =B97+1 -> 182 | M98: FALSE | N98: SharePoint sites | P98: All siters | AB98: FALSE | AC98: Apply encryption to email received to email from outside your organization
B99: =B98+1 -> 183 | M99: FALSE | N99: OneDrive accounts | P99: All users & Groups
A101: =A96+1 -> 19 | B101: =B96+10 -> 190
B102: =B97+10 -> 191 | M102: FALSE | N102: Exchange email | P102: All users & Groups | AB102: FALSE | AC102: Automatically replace existing labels that have the same or lower priority" | AD102: Enter Text
B103: =B102+1 -> 192 | M103: FALSE | N103: SharePoint sites | P103: All siters | AB103: FALSE | AC103: Apply encryption to email received to email from outside your organization
B104: =B103+1 -> 193 | M104: FALSE | N104: OneDrive accounts | P104: All users & Groups
A106: =A101+1 -> 20 | B106: =B101+10 -> 200
B107: =B102+10 -> 201 | M107: FALSE | N107: Exchange email | P107: All users & Groups | AB107: FALSE | AC107: Automatically replace existing labels that have the same or lower priority" | AD107: Enter Text
B108: =B107+1 -> 202 | M108: FALSE | N108: SharePoint sites | P108: All siters | AB108: FALSE | AC108: Apply encryption to email received to email from outside your organization
B109: =B108+1 -> 203 | M109: FALSE | N109: OneDrive accounts | P109: All users & Groups

Sheet Data Loss Prevention (DLP)
A1: Data Loss Prevention (DLP)
C3: Name: | E3: Policy mode: | G3: Assign admin units: | I3: Locations: | K3: Data Loss Prevention (DLP) rules:
A4: Explanation | C4: Name of the Data Loss Prevention (DLP) Policy. | E4: You can test this policy before turning it on to verify if it needs improvement or if it meets all your objectives. If you turn the policy on right away, you can edit it later and safely test those changes in simulation mode. Run the policy in simulation mode = In simulation without notifications Run the policy in simulation mode & Show policy tips while in simulation mode= In simulation with notifications Turn the policy on immediately = On Leave the policy turned off = Off | G4: Choose the admin units you'd like to assign this policy to. Admin units are created in Microsoft Entra ID and restrict the policy to a specific set of users or groups. Your selections will affect the location options available to you in the next step. If you want to assign this policy to all users and groups, select 'Next' and proceed. Admin units aren’t supported for all locations. Admin units aren't applicable to some locations, such as Fabric and Microsoft 365 Copilot. As a result, if you select admin units here, you won't be able to scope this policy to those locations in the next step.​ | I4: We'll apply the policy to data that's stored in the locations you choose. If your role group permissions are restricted to a specific set of users or groups, you'll only be able to apply this policy to those users or groups. Protecting sensitive info in on-premises repositories (SharePoint sites and file shares) is now in preview. Note that there are prerequisite steps needed to support this new capability. Pay-as-you-go billing needs to be set up to configure polices for non-Microsoft 365 data sources. | K4: The rules here are made up of conditions and actions that define the protection requirements for this policy. You can edit existing rules or create new ones.
A5: Links | E5: Learn about data loss prevention simulation mode | G5: Administrative units | I5: Roles and role groups
I6: Learn about the data loss prevention on-premises repositories
I7: Learn about Microsoft Purview billing models
C10: Enter Text | E10: Choose from Drop Down | G10: Enter Text | I10: Enter Text | K10: Enter Text
A12: 1 | B12: =A12+10 -> 11
B13: =B12+1 -> 12 | E13: Select check box as needed
B14: =B13+1 -> 13 | D14: FALSE | E14: Show policy tips while in simulation mode
B15: =B14+1 -> 14
B16: =B15+1 -> 15 | D16: FALSE | E16: Turn the policy on if it's not edited within fifteen days of simulation
A18: =A12+1 -> 2 | B18: =B12+10 -> 21
B19: =B13+10 -> 22 | E19: Select check box as needed
B20: =B14+10 -> 23 | D20: FALSE | E20: Show policy tips while in simulation mode
B21: =B15+10 -> 24
B22: =B16+10 -> 25 | D22: FALSE | E22: Turn the policy on if it's not edited within fifteen days of simulation
A24: =A18+1 -> 3 | B24: =B18+10 -> 31
B25: =B19+10 -> 32 | E25: Select check box as needed
B26: =B20+10 -> 33 | D26: FALSE | E26: Show policy tips while in simulation mode
B27: =B21+10 -> 34
B28: =B22+10 -> 35 | D28: FALSE | E28: Turn the policy on if it's not edited within fifteen days of simulation
A30: =A24+1 -> 4 | B30: =B24+10 -> 41
B31: =B25+10 -> 42 | E31: Select check box as needed
B32: =B26+10 -> 43 | D32: FALSE | E32: Show policy tips while in simulation mode
B33: =B27+10 -> 44
B34: =B28+10 -> 45 | D34: FALSE | E34: Turn the policy on if it's not edited within fifteen days of simulation
A36: =A30+1 -> 5 | B36: =B30+10 -> 51
B37: =B31+10 -> 52 | E37: Select check box as needed
B38: =B32+10 -> 53 | D38: FALSE | E38: Show policy tips while in simulation mode
B39: =B33+10 -> 54
B40: =B34+10 -> 55 | D40: FALSE | E40: Turn the policy on if it's not edited within fifteen days of simulation
A42: =A36+1 -> 6 | B42: =B36+10 -> 61
B43: =B37+10 -> 62 | E43: Select check box as needed
B44: =B38+10 -> 63 | D44: FALSE | E44: Show policy tips while in simulation mode
B45: =B39+10 -> 64
B46: =B40+10 -> 65 | D46: FALSE | E46: Turn the policy on if it's not edited within fifteen days of simulation
A48: =A42+1 -> 7 | B48: =B42+10 -> 71
B49: =B43+10 -> 72 | E49: Select check box as needed
B50: =B44+10 -> 73 | D50: FALSE | E50: Show policy tips while in simulation mode
B51: =B45+10 -> 74
B52: =B46+10 -> 75 | D52: FALSE | E52: Turn the policy on if it's not edited within fifteen days of simulation
A54: =A48+1 -> 8 | B54: =B48+10 -> 81
B55: =B49+10 -> 82 | E55: Select check box as needed
B56: =B50+10 -> 83 | D56: FALSE | E56: Show policy tips while in simulation mode
B57: =B51+10 -> 84
B58: =B52+10 -> 85 | D58: FALSE | E58: Turn the policy on if it's not edited within fifteen days of simulation
A60: =A54+1 -> 9 | B60: =B54+10 -> 91
B61: =B55+10 -> 92 | E61: Select check box as needed
B62: =B56+10 -> 93 | D62: FALSE | E62: Show policy tips while in simulation mode
B63: =B57+10 -> 94
B64: =B58+10 -> 95 | D64: FALSE | E64: Turn the policy on if it's not edited within fifteen days of simulation
A66: =A60+1 -> 10 | B66: =B60+10 -> 101
B67: =B61+10 -> 102 | E67: Select check box as needed
B68: =B62+10 -> 103 | D68: FALSE | E68: Show policy tips while in simulation mode
B69: =B63+10 -> 104
B70: =B64+10 -> 105 | D70: FALSE | E70: Turn the policy on if it's not edited within fifteen days of simulation
A72: =A66+1 -> 11 | B72: =B66+10 -> 111
B73: =B67+10 -> 112 | E73: Select check box as needed
B74: =B68+10 -> 113 | D74: FALSE | E74: Show policy tips while in simulation mode
B75: =B69+10 -> 114
B76: =B70+10 -> 115 | D76: FALSE | E76: Turn the policy on if it's not edited within fifteen days of simulation
A78: =A72+1 -> 12 | B78: =B72+10 -> 121
B79: =B73+10 -> 122 | E79: Select check box as needed
B80: =B74+10 -> 123 | D80: FALSE | E80: Show policy tips while in simulation mode
B81: =B75+10 -> 124
B82: =B76+10 -> 125 | D82: FALSE | E82: Turn the policy on if it's not edited within fifteen days of simulation
A84: =A78+1 -> 13 | B84: =B78+10 -> 131
B85: =B79+10 -> 132 | E85: Select check box as needed
B86: =B80+10 -> 133 | D86: FALSE | E86: Show policy tips while in simulation mode
B87: =B81+10 -> 134
B88: =B82+10 -> 135 | D88: FALSE | E88: Turn the policy on if it's not edited within fifteen days of simulation
A90: =A84+1 -> 14 | B90: =B84+10 -> 141
B91: =B85+10 -> 142 | E91: Select check box as needed
B92: =B86+10 -> 143 | D92: FALSE | E92: Show policy tips while in simulation mode
B93: =B87+10 -> 144
B94: =B88+10 -> 145 | D94: FALSE | E94: Turn the policy on if it's not edited within fifteen days of simulation
A96: =A90+1 -> 15 | B96: =B90+10 -> 151
B97: =B91+10 -> 152 | E97: Select check box as needed
B98: =B92+10 -> 153 | D98: TRUE | E98: Show policy tips while in simulation mode
B99: =B93+10 -> 154
B100: =B94+10 -> 155 | D100: FALSE | E100: Turn the policy on if it's not edited within fifteen days of simulation
A102: =A96+1 -> 16 | B102: =B96+10 -> 161
B103: =B97+10 -> 162 | E103: Select check box as needed
B104: =B98+10 -> 163 | D104: FALSE | E104: Show policy tips while in simulation mode
B105: =B99+10 -> 164
B106: =B100+10 -> 165 | D106: FALSE | E106: Turn the policy on if it's not edited within fifteen days of simulation
A108: =A102+1 -> 17 | B108: =B102+10 -> 171
B109: =B103+10 -> 172 | E109: Select check box as needed
B110: =B104+10 -> 173 | D110: FALSE | E110: Show policy tips while in simulation mode
B111: =B105+10 -> 174
B112: =B106+10 -> 175 | D112: FALSE | E112: Turn the policy on if it's not edited within fifteen days of simulation
A114: =A108+1 -> 18 | B114: =B108+10 -> 181
B115: =B109+10 -> 182 | E115: Select check box as needed
B116: =B110+10 -> 183 | D116: FALSE | E116: Show policy tips while in simulation mode
B117: =B111+10 -> 184
B118: =B112+10 -> 185 | D118: FALSE | E118: Turn the policy on if it's not edited within fifteen days of simulation
A120: =A114+1 -> 19 | B120: =B114+10 -> 191
B121: =B115+10 -> 192 | E121: Select check box as needed
B122: =B116+10 -> 193 | D122: FALSE | E122: Show policy tips while in simulation mode
...

Sheet Search
D1: Search | F1: Select scenario from drop down | H1: 1 | J1: 1 | L1: 1 | N1: 1
H2: =D7 -> Sensitivity Labels | J2: =D43 -> Publishing | L2: =D57 -> Service-Side Auto-Labeling Policies | N2: =D64 -> Data Loss Prevention (DLP)
C3: Explanation | D3: This tab is used to look up any Sensitivity Labels, Publishing Policies, Service-Side Auto-Labeling Policies, and or Data Loss Prevention (DLP) policies you have. | H3: Please select the desired Sensitivity Label you want to see. | J3: Please select the desired Publishing Policy you want to see. | L3: Please select the desired Service-Side Auto-Labeling policy you want to see. | N3: Please select the desired DLP Policy you want to see.
C5: Links
D7: ='Sensitivity Labels'!C1 -> Sensitivity Labels
D8: ='Sensitivity Labels'!C3 -> Label/Parent Label/Label Group/Sub-Label: | E8: ='Sensitivity Labels'!D3 -> Name: | G8: ='Sensitivity Labels'!E3 -> Display Name: | I8: ='Sensitivity Labels'!F3 -> Scope: | R8: ='Sensitivity Labels'!I3 -> Description for users: | V8: ='Sensitivity Labels'!J3 -> Description for admins: | X8: ='Sensitivity Labels'!K3 -> Label Color:
A9: =VLOOKUP(B9,'Sensitivity Labels'!$A$11:$K$170,2,FALSE) -> 11 | B9: =H$1 -> 1 | D9: =IF(VLOOKUP($A9,'Sensitivity Labels'!$B$11:$K$170,2,FALSE)="","",VLOOKUP($A9,'Sensitivity Labels'!$B$11:$K$170,2,FALSE)) | E9: =IF(VLOOKUP($A9,'Sensitivity Labels'!$B$11:$K$170,3,FALSE)="","",VLOOKUP($A9,'Sensitivity Labels'!$B$11:$K$170,3,FALSE)) | G9: =IF(VLOOKUP($A9,'Sensitivity Labels'!$B$11:$K$170,4,FALSE)="","",VLOOKUP($A9,'Sensitivity Labels'!$B$11:$K$170,4,FALSE)) | I9: =VLOOKUP($A9,'Sensitivity Labels'!$B$11:$K$170,5,FALSE) -> FALSE | J9: Files & Other Data assets | K9: Label files and data assets in Microsoft 365, Microsoft Fabric (Including Power BI), Microsoft Azure | R9: =IF(VLOOKUP($A9,'Sensitivity Labels'!$B$11:$K$170,8,FALSE)="","",VLOOKUP($A9,'Sensitivity Labels'!$B$11:$K$170,8,FALSE)) | V9: =IF(VLOOKUP($A9,'Sensitivity Labels'!$B$11:$K$170,9,FALSE)="","",VLOOKUP($A9,'Sensitivity Labels'!$B$11:$K$170,9,FALSE)) | X9: =VLOOKUP($A9,'Sensitivity Labels'!$B$11:$K$170,10,FALSE) -> 0
A10: =A9+1 -> 12
A11: =A10+1 -> 13 | I11: =VLOOKUP($A11,'Sensitivity Labels'!$B$11:$K$170,5,FALSE) -> FALSE | J11: Emails | K11: Label Messages send from all versions of Outlook
A12: =A11+1 -> 14
A13: =A12+1 -> 15 | I13: =VLOOKUP($A13,'Sensitivity Labels'!$B$11:$K$170,5,FALSE) -> FALSE | J13: Meetings | K13: Label Calendar events and meetings schedules in Outlook and Teams
A14: =A13+1 -> 16
A15: =A14+1 -> 17 | I15: =VLOOKUP($A15,'Sensitivity Labels'!$B$11:$K$170,5,FALSE) -> FALSE | J15: Groups & Sites | K15: Configure privacy, access control, and other project team labeled Teams, Microsoft 365 Groups , SharePoint sites, and Loop
D17: ='Emails, Files, & Other Data'!C1 -> Emails, Files, & Other Data Assets
D18: ='Emails, Files, & Other Data'!C3 -> Label/Sub-Label Name: | E18: ='Emails, Files, & Other Data'!E3 -> Choose protection settings for the types of items you selected: | G18: ='Emails, Files, & Other Data'!H3 -> Remove or Configure: | I18: ='Emails, Files, & Other Data'!J3 -> Assign: | K18: ='Emails, Files, & Other Data'!L3 -> User access to content expires: | O18: ='Emails, Files, & Other Data'!O3 -> Allow offline access: | R18: ='Emails, Files, & Other Data'!R3 -> Assign Permissions Now: | V18: ='Emails, Files, & Other Data'!U3 -> Let users assign permissions when they apply the label: | X18: ='Emails, Files, & Other Data'!X3 -> Content Marking: | AA18: ='Emails, Files, & Other Data'!AB3 -> Auto-labeling for files and emails: "Client-side Auto-Labeling"
A19: =VLOOKUP(B19,'Emails, Files, & Other Data'!A10:B246,2,FALSE) -> 11 | B19: =H$1 -> 1 | D19: =IF(VLOOKUP(A19,'Emails, Files, & Other Data'!$B$10:$AE$248,2,FALSE)="","",VLOOKUP(A19,'Emails, Files, & Other Data'!$B$10:$AE$248,2,FALSE)) -> Please fill out Sensitivity Labels Tab | R19: Assign Permissions to specific user and groups | V19: In outlook, enforce one of the following restrictions
A20: =A19+1 -> 12 | S20: =IF(VLOOKUP($A20,'Emails, Files, & Other Data'!$B$10:$AE$248,17,FALSE)="","",VLOOKUP($A20,'Emails, Files, & Other Data'!$B$10:$AE$248,17,FALSE)) | W20: =IF(VLOOKUP($A21,'Emails, Files, & Other Data'!$B$10:$AE$248,20,FALSE)="","",VLOOKUP($A21,'Emails, Files, & Other Data'!$B$10:$AE$248,20,FALSE))
A21: =A20+1 -> 13 | E21: =VLOOKUP($A21,'Emails, Files, & Other Data'!$B$10:$AE$248,4,FALSE) -> FALSE | F21: Control Access Control who can access and view labels | G21: =VLOOKUP($A21,'Emails, Files, & Other Data'!$B$10:$AE$248,7,FALSE) -> FALSE | H21: Remove access control settings if already applied to items | I21: =VLOOKUP($A21,'Emails, Files, & Other Data'!$B$10:$AE$248,9,FALSE) -> FALSE | J21: Assign Permissions now | K21: =VLOOKUP($A21,'Emails, Files, & Other Data'!$B$10:$AE$248,11,FALSE) -> FALSE | L21: Never | O21: =VLOOKUP($A21,'Emails, Files, & Other Data'!$B$10:$AE$248,14,FALSE) -> FALSE | P21: Always | V21: =VLOOKUP($A22,'Emails, Files, & Other Data'!$B$10:$AE$248,20,FALSE) -> FALSE | W21: In Word, PowerPoint, and Excel, prompt users to specify Permissions | X21: =VLOOKUP($A21,'Emails, Files, & Other Data'!$B$10:$AE$248,23,FALSE) -> FALSE | Y21: Add a watermark | Z21: =IF(VLOOKUP($A21,'Emails, Files, & Other Data'!$B$10:$AE$248,25,FALSE)="","",VLOOKUP($A21,'Emails, Files, & Other Data'!$B$10:$AE$248,25,FALSE)) | AB21: =VLOOKUP($A21,'Emails, Files, & Other Data'!$B$10:$AE$248,27,FALSE) -> FALSE | AC21: Auto-labeling for files and emails | AF21: =IF(VLOOKUP($A21,'Emails, Files, & Other Data'!$B$10:$AE$248,30,FALSE)="","",VLOOKUP($A21,'Emails, Files, & Other Data'!$B$10:$AE$248,30,FALSE))
A22: =A21+1 -> 14 | E22: =VLOOKUP(A22,'Emails, Files, & Other Data'!$B$10:$AE$248,4,FALSE) -> FALSE | F22: Apply Content marking Add custom headers, foots, and watermarks to labeled items | I22: =VLOOKUP($A22,'Emails, Files, & Other Data'!$B$10:$AE$248,9,FALSE) -> FALSE | J22: Let users assign permissions when they apply the label | K22: =VLOOKUP($A22,'Emails, Files, & Other Data'!$B$10:$AE$248,11,FALSE) -> FALSE | L22: On a specific Date | M22: =VLOOKUP($A22,'Emails, Files, & Other Data'!$B$10:$AE$248,13,FALSE) -> 44197 | O22: =VLOOKUP($A22,'Emails, Files, & Other Data'!$B$10:$AE$248,14,FALSE) -> FALSE | P22: Never | R22: =VLOOKUP($A22,'Emails, Files, & Other Data'!$B$10:$AE$248,17,FALSE) -> FALSE | S22: Use dynamic watermarking | X22: =VLOOKUP($A22,'Emails, Files, & Other Data'!$B$10:$AE$248,23,FALSE) -> FALSE | Y22: Add a header | Z22: =IF(VLOOKUP($A22,'Emails, Files, & Other Data'!$B$10:$AE$248,25,FALSE)="","",VLOOKUP($A22,'Emails, Files, & Other Data'!$B$10:$AE$248,25,FALSE))
A23: =A22+1 -> 15 | E23: =VLOOKUP(A23,'Emails, Files, & Other Data'!$B$10:$AE$248,4,FALSE) -> FALSE | F23: Protect Team meetings and chats Configure protection settings for Teams meetings and chats. (Configure under the Teams Tab) | G23: =VLOOKUP($A23,'Emails, Files, & Other Data'!$B$10:$AE$248,7,FALSE) -> FALSE | H23: Configure access control setting | K23: =VLOOKUP($A23,'Emails, Files, & Other Data'!$B$10:$AE$248,11,FALSE) -> FALSE | L23: # of days after label is applied | M23: =VLOOKUP($A23,'Emails, Files, & Other Data'!$B$10:$AE$248,13,FALSE) -> 78 | O23: =VLOOKUP($A23,'Emails, Files, & Other Data'!$B$10:$AE$248,14,FALSE) -> FALSE | P23: # of days after label is applied | Q23: =VLOOKUP($A23,'Emails, Files, & Other Data'!$B$10:$AE$248,16,FALSE) -> 76 | S23: =IF(VLOOKUP($A23,'Emails, Files, & Other Data'!$B$10:$AE$248,17,FALSE)="","",VLOOKUP($A23,'Emails, Files, & Other Data'!$B$10:$AE$248,17,FALSE)) | V23: =VLOOKUP($A24,'Emails, Files, & Other Data'!$B$10:$AE$248,20,FALSE) -> FALSE | W23: Use dynamic watermarking | X23: =VLOOKUP($A23,'Emails, Files, & Other Data'!$B$10:$AE$248,23,FALSE) -> FALSE | Y23: add a footer | Z23: =IF(VLOOKUP($A23,'Emails, Files, & Other Data'!$B$10:$AE$248,25,FALSE)="","",VLOOKUP($A23,'Emails, Files, & Other Data'!$B$10:$AE$248,25,FALSE)) | AB23: =IF(VLOOKUP($A23,'Emails, Files, & Other Data'!$B$10:$AE$248,28,FALSE)="","",VLOOKUP($A23,'Emails, Files, & Other Data'!$B$10:$AE$248,28,FALSE)) | AF23: =IF(VLOOKUP($A23,'Emails, Files, & Other Data'!$B$10:$AE$248,30,FALSE)="","",VLOOKUP($A23,'Emails, Files, & Other Data'!$B$10:$AE$248,30,FALSE))
A24: =A23+1 -> 16 | W24: =IF(VLOOKUP($A25,'Emails, Files, & Other Data'!$B$10:$AE$248,20,FALSE)="","",VLOOKUP($A25,'Emails, Files, & Other Data'!$B$10:$AE$248,20,FALSE))
A25: =A24+1 -> 17 | R25: =VLOOKUP($A25,'Emails, Files, & Other Data'!$B$10:$AE$248,17,FALSE) -> FALSE | S25: Use Double Key Encryption | V25: =VLOOKUP($A26,'Emails, Files, & Other Data'!$B$10:$AE$248,20,FALSE) -> FALSE | W25: Use Double Key Encryption
A26: =A25+1 -> 18 | S26: =IF(VLOOKUP($A26,'Emails, Files, & Other Data'!$B$10:$AE$248,17,FALSE)="","",VLOOKUP($A26,'Emails, Files, & Other Data'!$B$10:$AE$248,17,FALSE)) | W26: =IF(VLOOKUP($A27,'Emails, Files, & Other Data'!$B$10:$AE$248,20,FALSE)="","",VLOOKUP($A27,'Emails, Files, & Other Data'!$B$10:$AE$248,20,FALSE))
A27: =A26+1 -> 19
D29: ='Teams meetings and chats'!B1 -> Teams meetings and chats
D30: ='Teams meetings and chats'!B2 -> Label/Sub-Label Name: | E30: ='Teams meetings and chats'!D2 -> Control who can Bypass the Lobby: | I30: ='Teams meetings and chats'!I2 -> Control Who Can Present: | K30: ='Teams meetings and chats'!K2 -> Control who can Record and Transcribe: | N30: ='Teams meetings and chats'!M2 -> Control Whether Meetings are Recorded Automatically: | Q30: ='Teams meetings and chats'!O2 -> Control End-to-end Encryption for Meeting Video and Audio: | V30: ='Teams meetings and chats'!Q2 -> Control Watermarks: | Z30: ='Teams meetings and chats'!U2 -> Detect sensitive content during screen sharing: | AB30: ='Teams meetings and chats'!W2 -> Control Meeting Chat: | AE30: ='Teams meetings and chats'!Y2 -> Prevent Copying and Forwarding of Meeting Content:
B31: =H$1 -> 1 | D31: =IF(VLOOKUP($B31,'Teams meetings and chats'!$A11:$Y50,2,FALSE)="","",VLOOKUP($B31,'Teams meetings and chats'!$A11:$Y50,2,FALSE)) -> Please fill out Sensitivity Labels Tab | E31: =IF(VLOOKUP($B31,'Teams meetings and chats'!$A11:$Y50,4,FALSE)="","",VLOOKUP($B31,'Teams meetings and chats'!$A11:$Y50,4,FALSE)) | G31: =VLOOKUP($B31,'Teams meetings and chats'!$A11:$Y50,6,FALSE) -> FALSE | H31: People dialing in can bypass the lobby | I31: =IF(VLOOKUP($B31,'Teams meetings and chats'!$A11:$Y50,9,FALSE)="","",VLOOKUP($B31,'Teams meetings and chats'!$A11:$Y50,9,FALSE)) | K31: =IF(VLOOKUP($B31,'Teams meetings and chats'!$A11:$Y50,11,FALSE)="","",VLOOKUP($B31,'Teams meetings and chats'!$A11:$Y50,11,FALSE)) | N31: =IF(VLOOKUP($B31,'Teams meetings and chats'!$A11:$Y50,13,FALSE)="","",VLOOKUP($B31,'Teams meetings and chats'!$A11:$Y50,13,FALSE)) | Q31: =IF(VLOOKUP($B31,'Teams meetings and chats'!$A11:$Y50,15,FALSE)="","",VLOOKUP($B31,'Teams meetings and chats'!$A11:$Y50,15,FALSE)) | V31: =IF(VLOOKUP($B31,'Teams meetings and chats'!$A11:$Y50,17,FALSE)="","",VLOOKUP($B31,'Teams meetings and chats'!$A11:$Y50,17,FALSE)) | X31: =IF(VLOOKUP($B31,'Teams meetings and chats'!$A11:$Y50,19,FALSE)="","",VLOOKUP($B31,'Teams meetings and chats'!$A11:$Y50,19,FALSE)) | Z31: =IF(VLOOKUP($B31,'Teams meetings and chats'!$A11:$Y50,21,FALSE)="","",VLOOKUP($B31,'Teams meetings and chats'!$A11:$Y50,21,FALSE)) | AB31: =IF(VLOOKUP($B31,'Teams meetings and chats'!$A11:$Y50,23,FALSE)="","",VLOOKUP($B31,'Teams meetings and chats'!$A11:$Y50,23,FALSE)) | AE31: =IF(VLOOKUP($B31,'Teams meetings and chats'!$A11:$Y50,25,FALSE)="","",VLOOKUP($B31,'Teams meetings and chats'!$A11:$Y50,25,FALSE))
D34: ='Groups & Sites'!C1 -> Groups & Sites
D35: ='Groups & Sites'!C3 -> Label/Sub-Label Name: | E35: ='Groups & Sites'!E3 -> Define protection settings for groups and sites: | G35: ='Groups & Sites'!H3 -> Define privacy and external user access settings: | I35: ='Groups & Sites'!K3 -> External sharing and Conditional Access: | L35: ='Groups & Sites'!N3 -> External sharing: | M35: ='Groups & Sites'!P3 -> Conditional Access: | R35: ='Groups & Sites'!S3 -> Private teams discoverability and shared channel controls:
A36: =VLOOKUP(B36,'Groups & Sites'!$A$13:$T$191,2,FALSE) -> 11 | B36: =H$1 -> 1 | D36: =IF(VLOOKUP($A36,'Groups & Sites'!$B$13:$T$191,2,FALSE)="","",VLOOKUP($A36,'Groups & Sites'!$B$13:$T$191,2,FALSE)) -> Please fill out Sensitivity Labels Tab | E36: =VLOOKUP($A36,'Groups & Sites'!$B$13:$T$191,4,FALSE) -> FALSE | F36: Privacy and external user access | G36: =IF(VLOOKUP($A36,'Groups & Sites'!$B$13:$T$191,7,FALSE)="","",VLOOKUP($A36,'Groups & Sites'!$B$13:$T$191,7,FALSE)) | I36: =VLOOKUP($A36,'Groups & Sites'!$B$13:$T$191,10,FALSE) -> FALSE | J36: Content can be shared with | L36: Content can be shared with: | M36: Use Microsoft Entra Conditional Access to protect labeled SharePoint sites | R36: Private team discoverability
A37: =A36+1 -> 12 | E37: =VLOOKUP($A37,'Groups & Sites'!$B$13:$T$191,4,FALSE) -> FALSE | F37: External sharing and Conditional Access | I37: =VLOOKUP($A37,'Groups & Sites'!$B$13:$T$191,10,FALSE) -> FALSE | J37: Use Microsoft Entra Conditional Access to protect labeled SharePoint sites | L37: =IF(VLOOKUP($A38,'Groups & Sites'!$B$13:$T$191,13,FALSE)="","",VLOOKUP($A38,'Groups & Sites'!$B$13:$T$191,13,FALSE)) | M37: =VLOOKUP($A37,'Groups & Sites'!$B$13:$T$191,15,FALSE) -> FALSE | N37: Determine whether users can access SharePoint sites from unmanaged Devices | R37: =VLOOKUP($A37,'Groups & Sites'!$B$13:$T$191,18,FALSE) -> FALSE | S37: Allow users to discover private teams that have this label applied.
A38: =A37+1 -> 13 | E38: =VLOOKUP($A38,'Groups & Sites'!$B$13:$T$191,4,FALSE) -> FALSE | F38: Private teams discoverability and shared channel settings | G38: =VLOOKUP($A38,'Groups & Sites'!$B$13:$T$191,7,FALSE) -> FALSE | H38: Let Microsoft 365 Group owners add people outside your organization to the group as guests. | N38: =IF(VLOOKUP($A38,'Groups & Sites'!$B$13:$T$191,16,FALSE)="","",VLOOKUP($A38,'Groups & Sites'!$B$13:$T$191,16,FALSE)) | R38: Teams shared channels
